C:\Documents\Udemy\CompleteSelfDriving\FinalProject\Data\IMG\IMG\center_2021_01_21_17_06_15_177.jpg, C:\Documents\Udemy\CompleteSelfDriving\FinalProject\Data\IMG\IMG\left_2021_01_21_17_06_15_177.jpg, C:\Documents\Udemy\CompleteSelfDriving\FinalProject\Data\IMG\IMG\right_2021_01_21_17_06_15_177.jpg, 0, 0, 0, 11.8699
C:\Documents\Udemy\CompleteSelfDriving\FinalProject\Data\IMG\IMG\center_2021_01_21_17_06_15_282.jpg, C:\Documents\Udemy\CompleteSelfDriving\FinalProject\Data\IMG\IMG\left_2021_01_21_17_06_15_282.jpg, C:\Documents\Udemy\CompleteSelfDriving\FinalProject\Data\IMG\IMG\right_2021_01_21_17_06_15_282.jpg, 0, 0, 0, 11.21657
C:\Documents\Udemy\CompleteSelfDriving\FinalProject\Data\IMG\IMG\center_2021_01_21_17_06_15_384.jpg, C:\Documents\Udemy\CompleteSelfDriving\FinalProject\Data\IMG\IMG\left_2021_01_21_17_06_15_384.jpg, C:\Documents\Udemy\CompleteSelfDriving\FinalProject\Data\IMG\IMG\right_2021_01_21_17_06_15_384.jpg, -0.3057594, 0, 0, 11.68569
C:\Documents\Udemy\CompleteSelfDriving\FinalProject\Data\IMG\IMG\center_2021_01_21_17_06_15_486.jpg, C:\Documents\Udemy\CompleteSelfDriving\FinalProject\Data\IMG\IMG\left_2021_01_21_17_06_15_486.jpg, C:\Documents\Udemy\CompleteSelfDriving\FinalProject\Data\IMG\IMG\right_2021_01_21_17_06_15_486.jpg, -0.6103163, 0, 0, 11.19004
C:\Documents\Udemy\CompleteSelfDriving\FinalProject\Data\IMG\IMG\center_2021_01_21_17_06_15_592.jpg, C:\Documents\Udemy\CompleteSelfDriving\FinalProject\Data\IMG\IMG\left_2021_01_21_17_06_15_592.jpg, C:\Documents\Udemy\CompleteSelfDriving\FinalProject\Data\IMG\IMG\right_2021_01_21_17_06_15_592.jpg, -0.2931308, 0, 0, 11.08905
C:\Documents\Udemy\CompleteSelfDriving\FinalProject\Data\IMG\IMG\center_2021_01_21_17_06_15_693.jpg, C:\Documents\Udemy\CompleteSelfDriving\FinalProject\Data\IMG\IMG\left_2021_01_21_17_06_15_693.jpg, C:\Documents\Udemy\CompleteSelfDriving\FinalProject\Data\IMG\IMG\right_2021_01_21_17_06_15_693.jpg, -0.005901216, 0, 0, 10.9555
C:\Documents\Udemy\CompleteSelfDriving\FinalProject\Data\IMG\IMG\center_2021_01_21_17_06_15_803.jpg, C:\Documents\Udemy\CompleteSelfDriving\FinalProject\Data\IMG\IMG\left_2021_01_21_17_06_15_803.jpg, C:\Documents\Udemy\CompleteSelfDriving\FinalProject\Data\IMG\IMG\right_2021_01_21_17_06_15_803.jpg, 0, 0, 0, 10.84132
C:\Documents\Udemy\CompleteSelfDriving\FinalProject\Data\IMG\IMG\center_2021_01_21_17_06_15_907.jpg, C:\Documents\Udemy\CompleteSelfDriving\FinalProject\Data\IMG\IMG\left_2021_01_21_17_06_15_907.jpg, C:\Documents\Udemy\CompleteSelfDriving\FinalProject\Data\IMG\IMG\right_2021_01_21_17_06_15_907.jpg, -0.3114672, 0, 0, 10.67756
C:\Documents\Udemy\CompleteSelfDriving\FinalProject\Data\IMG\IMG\center_2021_01_21_17_06_16_007.jpg, C:\Documents\Udemy\CompleteSelfDriving\FinalProject\Data\IMG\IMG\left_2021_01_21_17_06_16_007.jpg, C:\Documents\Udemy\CompleteSelfDriving\FinalProject\Data\IMG\IMG\right_2021_01_21_17_06_16_007.jpg, -0.6128895, 0, 0, 10.46655
C:\Documents\Udemy\CompleteSelfDriving\FinalProject\Data\IMG\IMG\center_2021_01_21_17_06_16_111.jpg, C:\Documents\Udemy\CompleteSelfDriving\FinalProject\Data\IMG\IMG\left_2021_01_21_17_06_16_111.jpg, C:\Documents\Udemy\CompleteSelfDriving\FinalProject\Data\IMG\IMG\right_2021_01_21_17_06_16_111.jpg, -0.9039147, 0, 0, 10.18278
C:\Documents\Udemy\CompleteSelfDriving\FinalProject\Data\IMG\IMG\center_2021_01_21_17_06_16_222.jpg, C:\Documents\Udemy\CompleteSelfDriving\FinalProject\Data\IMG\IMG\left_2021_01_21_17_06_16_222.jpg, C:\Documents\Udemy\CompleteSelfDriving\FinalProject\Data\IMG\IMG\right_2021_01_21_17_06_16_222.jpg, -1, 0, 0, 9.957664
C:\Documents\Udemy\CompleteSelfDriving\FinalProject\Data\IMG\IMG\center_2021_01_21_17_06_16_324.jpg, C:\Documents\Udemy\CompleteSelfDriving\FinalProject\Data\IMG\IMG\left_2021_01_21_17_06_16_324.jpg, C:\Documents\Udemy\CompleteSelfDriving\FinalProject\Data\IMG\IMG\right_2021_01_21_17_06_16_324.jpg, -1, 0, 0, 9.782999
C:\Documents\Udemy\CompleteSelfDriving\FinalProject\Data\IMG\IMG\center_2021_01_21_17_06_16_427.jpg, C:\Documents\Udemy\CompleteSelfDriving\FinalProject\Data\IMG\IMG\left_2021_01_21_17_06_16_427.jpg, C:\Documents\Udemy\CompleteSelfDriving\FinalProject\Data\IMG\IMG\right_2021_01_21_17_06_16_427.jpg, -1, 0, 0, 9.654574
C:\Documents\Udemy\CompleteSelfDriving\FinalProject\Data\IMG\IMG\center_2021_01_21_17_06_16_530.jpg, C:\Documents\Udemy\CompleteSelfDriving\FinalProject\Data\IMG\IMG\left_2021_01_21_17_06_16_530.jpg, C:\Documents\Udemy\CompleteSelfDriving\FinalProject\Data\IMG\IMG\right_2021_01_21_17_06_16_530.jpg, -1, 0, 0, 9.530156
C:\Documents\Udemy\CompleteSelfDriving\FinalProject\Data\IMG\IMG\center_2021_01_21_17_06_16_632.jpg, C:\Documents\Udemy\CompleteSelfDriving\FinalProject\Data\IMG\IMG\left_2021_01_21_17_06_16_632.jpg, C:\Documents\Udemy\CompleteSelfDriving\FinalProject\Data\IMG\IMG\right_2021_01_21_17_06_16_632.jpg, -0.7101328, 0, 0, 9.474446
C:\Documents\Udemy\CompleteSelfDriving\FinalProject\Data\IMG\IMG\center_2021_01_21_17_06_16_733.jpg, C:\Documents\Udemy\CompleteSelfDriving\FinalProject\Data\IMG\IMG\left_2021_01_21_17_06_16_733.jpg, C:\Documents\Udemy\CompleteSelfDriving\FinalProject\Data\IMG\IMG\right_2021_01_21_17_06_16_733.jpg, -0.4070835, 0, 0, 9.405677
C:\Documents\Udemy\CompleteSelfDriving\FinalProject\Data\IMG\IMG\center_2021_01_21_17_06_16_839.jpg, C:\Documents\Udemy\CompleteSelfDriving\FinalProject\Data\IMG\IMG\left_2021_01_21_17_06_16_839.jpg, C:\Documents\Udemy\CompleteSelfDriving\FinalProject\Data\IMG\IMG\right_2021_01_21_17_06_16_839.jpg, -0.1165039, 0, 0, 9.304194
C:\Documents\Udemy\CompleteSelfDriving\FinalProject\Data\IMG\IMG\center_2021_01_21_17_06_16_940.jpg, C:\Documents\Udemy\CompleteSelfDriving\FinalProject\Data\IMG\IMG\left_2021_01_21_17_06_16_940.jpg, C:\Documents\Udemy\CompleteSelfDriving\FinalProject\Data\IMG\IMG\right_2021_01_21_17_06_16_940.jpg, 0, 0, 0, 9.197968
C:\Documents\Udemy\CompleteSelfDriving\FinalProject\Data\IMG\IMG\center_2021_01_21_17_06_17_048.jpg, C:\Documents\Udemy\CompleteSelfDriving\FinalProject\Data\IMG\IMG\left_2021_01_21_17_06_17_048.jpg, C:\Documents\Udemy\CompleteSelfDriving\FinalProject\Data\IMG\IMG\right_2021_01_21_17_06_17_048.jpg, 0, 0, 0, 9.086617
C:\Documents\Udemy\CompleteSelfDriving\FinalProject\Data\IMG\IMG\center_2021_01_21_17_06_17_150.jpg, C:\Documents\Udemy\CompleteSelfDriving\FinalProject\Data\IMG\IMG\left_2021_01_21_17_06_17_150.jpg, C:\Documents\Udemy\CompleteSelfDriving\FinalProject\Data\IMG\IMG\right_2021_01_21_17_06_17_150.jpg, 0, 0, 0, 8.995392
C:\Documents\Udemy\CompleteSelfDriving\FinalProject\Data\IMG\IMG\center_2021_01_21_17_06_17_255.jpg, C:\Documents\Udemy\CompleteSelfDriving\FinalProject\Data\IMG\IMG\left_2021_01_21_17_06_17_255.jpg, C:\Documents\Udemy\CompleteSelfDriving\FinalProject\Data\IMG\IMG\right_2021_01_21_17_06_17_255.jpg, 0, 0, 0, 8.905204
C:\Documents\Udemy\CompleteSelfDriving\FinalProject\Data\IMG\IMG\center_2021_01_21_17_06_17_358.jpg, C:\Documents\Udemy\CompleteSelfDriving\FinalProject\Data\IMG\IMG\left_2021_01_21_17_06_17_358.jpg, C:\Documents\Udemy\CompleteSelfDriving\FinalProject\Data\IMG\IMG\right_2021_01_21_17_06_17_358.jpg, 0, 0, 0, 8.815821
C:\Documents\Udemy\CompleteSelfDriving\FinalProject\Data\IMG\IMG\center_2021_01_21_17_06_17_462.jpg, C:\Documents\Udemy\CompleteSelfDriving\FinalProject\Data\IMG\IMG\left_2021_01_21_17_06_17_462.jpg, C:\Documents\Udemy\CompleteSelfDriving\FinalProject\Data\IMG\IMG\right_2021_01_21_17_06_17_462.jpg, 0, 0, 0, 8.727336
C:\Documents\Udemy\CompleteSelfDriving\FinalProject\Data\IMG\IMG\center_2021_01_21_17_06_17_562.jpg, C:\Documents\Udemy\CompleteSelfDriving\FinalProject\Data\IMG\IMG\left_2021_01_21_17_06_17_562.jpg, C:\Documents\Udemy\CompleteSelfDriving\FinalProject\Data\IMG\IMG\right_2021_01_21_17_06_17_562.jpg, 0, 0, 0, 8.639736
C:\Documents\Udemy\CompleteSelfDriving\FinalProject\Data\IMG\IMG\center_2021_01_21_17_06_17_670.jpg, C:\Documents\Udemy\CompleteSelfDriving\FinalProject\Data\IMG\IMG\left_2021_01_21_17_06_17_670.jpg, C:\Documents\Udemy\CompleteSelfDriving\FinalProject\Data\IMG\IMG\right_2021_01_21_17_06_17_670.jpg, 0, 0.3397791, 0, 8.875734
C:\Documents\Udemy\CompleteSelfDriving\FinalProject\Data\IMG\IMG\center_2021_01_21_17_06_17_776.jpg, C:\Documents\Udemy\CompleteSelfDriving\FinalProject\Data\IMG\IMG\left_2021_01_21_17_06_17_776.jpg, C:\Documents\Udemy\CompleteSelfDriving\FinalProject\Data\IMG\IMG\right_2021_01_21_17_06_17_776.jpg, 0, 0.6332982, 0, 9.457209
C:\Documents\Udemy\CompleteSelfDriving\FinalProject\Data\IMG\IMG\center_2021_01_21_17_06_17_880.jpg, C:\Documents\Udemy\CompleteSelfDriving\FinalProject\Data\IMG\IMG\left_2021_01_21_17_06_17_880.jpg, C:\Documents\Udemy\CompleteSelfDriving\FinalProject\Data\IMG\IMG\right_2021_01_21_17_06_17_880.jpg, -0.2771118, 0.9355185, 0, 10.39807
C:\Documents\Udemy\CompleteSelfDriving\FinalProject\Data\IMG\IMG\center_2021_01_21_17_06_17_990.jpg, C:\Documents\Udemy\CompleteSelfDriving\FinalProject\Data\IMG\IMG\left_2021_01_21_17_06_17_990.jpg, C:\Documents\Udemy\CompleteSelfDriving\FinalProject\Data\IMG\IMG\right_2021_01_21_17_06_17_990.jpg, -0.6433669, 1, 0, 11.68945
C:\Documents\Udemy\CompleteSelfDriving\FinalProject\Data\IMG\IMG\center_2021_01_21_17_06_18_092.jpg, C:\Documents\Udemy\CompleteSelfDriving\FinalProject\Data\IMG\IMG\left_2021_01_21_17_06_18_092.jpg, C:\Documents\Udemy\CompleteSelfDriving\FinalProject\Data\IMG\IMG\right_2021_01_21_17_06_18_092.jpg, -0.9277023, 1, 0, 12.21982
C:\Documents\Udemy\CompleteSelfDriving\FinalProject\Data\IMG\IMG\center_2021_01_21_17_06_18_198.jpg, C:\Documents\Udemy\CompleteSelfDriving\FinalProject\Data\IMG\IMG\left_2021_01_21_17_06_18_198.jpg, C:\Documents\Udemy\CompleteSelfDriving\FinalProject\Data\IMG\IMG\right_2021_01_21_17_06_18_198.jpg, -0.6690431, 1, 0, 13.68226
C:\Documents\Udemy\CompleteSelfDriving\FinalProject\Data\IMG\IMG\center_2021_01_21_17_06_18_298.jpg, C:\Documents\Udemy\CompleteSelfDriving\FinalProject\Data\IMG\IMG\left_2021_01_21_17_06_18_298.jpg, C:\Documents\Udemy\CompleteSelfDriving\FinalProject\Data\IMG\IMG\right_2021_01_21_17_06_18_298.jpg, -0.3664358, 1, 0, 14.57027
C:\Documents\Udemy\CompleteSelfDriving\FinalProject\Data\IMG\IMG\center_2021_01_21_17_06_18_402.jpg, C:\Documents\Udemy\CompleteSelfDriving\FinalProject\Data\IMG\IMG\left_2021_01_21_17_06_18_402.jpg, C:\Documents\Udemy\CompleteSelfDriving\FinalProject\Data\IMG\IMG\right_2021_01_21_17_06_18_402.jpg, -0.5960933, 1, 0, 15.78557
C:\Documents\Udemy\CompleteSelfDriving\FinalProject\Data\IMG\IMG\center_2021_01_21_17_06_18_503.jpg, C:\Documents\Udemy\CompleteSelfDriving\FinalProject\Data\IMG\IMG\left_2021_01_21_17_06_18_503.jpg, C:\Documents\Udemy\CompleteSelfDriving\FinalProject\Data\IMG\IMG\right_2021_01_21_17_06_18_503.jpg, -0.7905714, 1, 0, 16.4395
C:\Documents\Udemy\CompleteSelfDriving\FinalProject\Data\IMG\IMG\center_2021_01_21_17_06_18_610.jpg, C:\Documents\Udemy\CompleteSelfDriving\FinalProject\Data\IMG\IMG\left_2021_01_21_17_06_18_610.jpg, C:\Documents\Udemy\CompleteSelfDriving\FinalProject\Data\IMG\IMG\right_2021_01_21_17_06_18_610.jpg, -0.4238775, 1, 0, 17.74557
C:\Documents\Udemy\CompleteSelfDriving\FinalProject\Data\IMG\IMG\center_2021_01_21_17_06_18_711.jpg, C:\Documents\Udemy\CompleteSelfDriving\FinalProject\Data\IMG\IMG\left_2021_01_21_17_06_18_711.jpg, C:\Documents\Udemy\CompleteSelfDriving\FinalProject\Data\IMG\IMG\right_2021_01_21_17_06_18_711.jpg, -0.14181, 1, 0, 18.93587
C:\Documents\Udemy\CompleteSelfDriving\FinalProject\Data\IMG\IMG\center_2021_01_21_17_06_18_817.jpg, C:\Documents\Udemy\CompleteSelfDriving\FinalProject\Data\IMG\IMG\left_2021_01_21_17_06_18_817.jpg, C:\Documents\Udemy\CompleteSelfDriving\FinalProject\Data\IMG\IMG\right_2021_01_21_17_06_18_817.jpg, 0, 1, 0, 19.81936
C:\Documents\Udemy\CompleteSelfDriving\FinalProject\Data\IMG\IMG\center_2021_01_21_17_06_18_917.jpg, C:\Documents\Udemy\CompleteSelfDriving\FinalProject\Data\IMG\IMG\left_2021_01_21_17_06_18_917.jpg, C:\Documents\Udemy\CompleteSelfDriving\FinalProject\Data\IMG\IMG\right_2021_01_21_17_06_18_917.jpg, 0, 1, 0, 20.91722
C:\Documents\Udemy\CompleteSelfDriving\FinalProject\Data\IMG\IMG\center_2021_01_21_17_06_19_022.jpg, C:\Documents\Udemy\CompleteSelfDriving\FinalProject\Data\IMG\IMG\left_2021_01_21_17_06_19_022.jpg, C:\Documents\Udemy\CompleteSelfDriving\FinalProject\Data\IMG\IMG\right_2021_01_21_17_06_19_022.jpg, 0, 1, 0, 21.85573
C:\Documents\Udemy\CompleteSelfDriving\FinalProject\Data\IMG\IMG\center_2021_01_21_17_06_19_123.jpg, C:\Documents\Udemy\CompleteSelfDriving\FinalProject\Data\IMG\IMG\left_2021_01_21_17_06_19_123.jpg, C:\Documents\Udemy\CompleteSelfDriving\FinalProject\Data\IMG\IMG\right_2021_01_21_17_06_19_123.jpg, 0, 1, 0, 22.8782
C:\Documents\Udemy\CompleteSelfDriving\FinalProject\Data\IMG\IMG\center_2021_01_21_17_06_19_225.jpg, C:\Documents\Udemy\CompleteSelfDriving\FinalProject\Data\IMG\IMG\left_2021_01_21_17_06_19_225.jpg, C:\Documents\Udemy\CompleteSelfDriving\FinalProject\Data\IMG\IMG\right_2021_01_21_17_06_19_225.jpg, 0, 1, 0, 24.04308
C:\Documents\Udemy\CompleteSelfDriving\FinalProject\Data\IMG\IMG\center_2021_01_21_17_06_19_331.jpg, C:\Documents\Udemy\CompleteSelfDriving\FinalProject\Data\IMG\IMG\left_2021_01_21_17_06_19_331.jpg, C:\Documents\Udemy\CompleteSelfDriving\FinalProject\Data\IMG\IMG\right_2021_01_21_17_06_19_331.jpg, 0, 1, 0, 25.00675
C:\Documents\Udemy\CompleteSelfDriving\FinalProject\Data\IMG\IMG\center_2021_01_21_17_06_19_434.jpg, C:\Documents\Udemy\CompleteSelfDriving\FinalProject\Data\IMG\IMG\left_2021_01_21_17_06_19_434.jpg, C:\Documents\Udemy\CompleteSelfDriving\FinalProject\Data\IMG\IMG\right_2021_01_21_17_06_19_434.jpg, 0, 1, 0, 25.96363
C:\Documents\Udemy\CompleteSelfDriving\FinalProject\Data\IMG\IMG\center_2021_01_21_17_06_19_534.jpg, C:\Documents\Udemy\CompleteSelfDriving\FinalProject\Data\IMG\IMG\left_2021_01_21_17_06_19_534.jpg, C:\Documents\Udemy\CompleteSelfDriving\FinalProject\Data\IMG\IMG\right_2021_01_21_17_06_19_534.jpg, 0, 1, 0, 26.91108
C:\Documents\Udemy\CompleteSelfDriving\FinalProject\Data\IMG\IMG\center_2021_01_21_17_06_19_637.jpg, C:\Documents\Udemy\CompleteSelfDriving\FinalProject\Data\IMG\IMG\left_2021_01_21_17_06_19_637.jpg, C:\Documents\Udemy\CompleteSelfDriving\FinalProject\Data\IMG\IMG\right_2021_01_21_17_06_19_637.jpg, -0.2876097, 1, 0, 27.78622
C:\Documents\Udemy\CompleteSelfDriving\FinalProject\Data\IMG\IMG\center_2021_01_21_17_06_19_737.jpg, C:\Documents\Udemy\CompleteSelfDriving\FinalProject\Data\IMG\IMG\left_2021_01_21_17_06_19_737.jpg, C:\Documents\Udemy\CompleteSelfDriving\FinalProject\Data\IMG\IMG\right_2021_01_21_17_06_19_737.jpg, -0.5869419, 1, 0, 28.47231
C:\Documents\Udemy\CompleteSelfDriving\FinalProject\Data\IMG\IMG\center_2021_01_21_17_06_19_838.jpg, C:\Documents\Udemy\CompleteSelfDriving\FinalProject\Data\IMG\IMG\left_2021_01_21_17_06_19_838.jpg, C:\Documents\Udemy\CompleteSelfDriving\FinalProject\Data\IMG\IMG\right_2021_01_21_17_06_19_838.jpg, -0.3009834, 1, 0, 29.37918
C:\Documents\Udemy\CompleteSelfDriving\FinalProject\Data\IMG\IMG\center_2021_01_21_17_06_19_941.jpg, C:\Documents\Udemy\CompleteSelfDriving\FinalProject\Data\IMG\IMG\left_2021_01_21_17_06_19_941.jpg, C:\Documents\Udemy\CompleteSelfDriving\FinalProject\Data\IMG\IMG\right_2021_01_21_17_06_19_941.jpg, -0.004506633, 1, 0, 30.18503
C:\Documents\Udemy\CompleteSelfDriving\FinalProject\Data\IMG\IMG\center_2021_01_21_17_06_20_047.jpg, C:\Documents\Udemy\CompleteSelfDriving\FinalProject\Data\IMG\IMG\left_2021_01_21_17_06_20_047.jpg, C:\Documents\Udemy\CompleteSelfDriving\FinalProject\Data\IMG\IMG\right_2021_01_21_17_06_20_047.jpg, 0, 1, 0, 30.18954
C:\Documents\Udemy\CompleteSelfDriving\FinalProject\Data\IMG\IMG\center_2021_01_21_17_06_20_147.jpg, C:\Documents\Udemy\CompleteSelfDriving\FinalProject\Data\IMG\IMG\left_2021_01_21_17_06_20_147.jpg, C:\Documents\Udemy\CompleteSelfDriving\FinalProject\Data\IMG\IMG\right_2021_01_21_17_06_20_147.jpg, 0.1139325, 1, 0, 30.18542
C:\Documents\Udemy\CompleteSelfDriving\FinalProject\Data\IMG\IMG\center_2021_01_21_17_06_20_251.jpg, C:\Documents\Udemy\CompleteSelfDriving\FinalProject\Data\IMG\IMG\left_2021_01_21_17_06_20_251.jpg, C:\Documents\Udemy\CompleteSelfDriving\FinalProject\Data\IMG\IMG\right_2021_01_21_17_06_20_251.jpg, 0.4259136, 1, 0, 30.15205
C:\Documents\Udemy\CompleteSelfDriving\FinalProject\Data\IMG\IMG\center_2021_01_21_17_06_20_357.jpg, C:\Documents\Udemy\CompleteSelfDriving\FinalProject\Data\IMG\IMG\left_2021_01_21_17_06_20_357.jpg, C:\Documents\Udemy\CompleteSelfDriving\FinalProject\Data\IMG\IMG\right_2021_01_21_17_06_20_357.jpg, 0.1330221, 1, 0, 30.19091
C:\Documents\Udemy\CompleteSelfDriving\FinalProject\Data\IMG\IMG\center_2021_01_21_17_06_20_458.jpg, C:\Documents\Udemy\CompleteSelfDriving\FinalProject\Data\IMG\IMG\left_2021_01_21_17_06_20_458.jpg, C:\Documents\Udemy\CompleteSelfDriving\FinalProject\Data\IMG\IMG\right_2021_01_21_17_06_20_458.jpg, 0, 1, 0, 30.18934
C:\Documents\Udemy\CompleteSelfDriving\FinalProject\Data\IMG\IMG\center_2021_01_21_17_06_20_561.jpg, C:\Documents\Udemy\CompleteSelfDriving\FinalProject\Data\IMG\IMG\left_2021_01_21_17_06_20_561.jpg, C:\Documents\Udemy\CompleteSelfDriving\FinalProject\Data\IMG\IMG\right_2021_01_21_17_06_20_561.jpg, 0, 1, 0, 30.19054
C:\Documents\Udemy\CompleteSelfDriving\FinalProject\Data\IMG\IMG\center_2021_01_21_17_06_20_664.jpg, C:\Documents\Udemy\CompleteSelfDriving\FinalProject\Data\IMG\IMG\left_2021_01_21_17_06_20_664.jpg, C:\Documents\Udemy\CompleteSelfDriving\FinalProject\Data\IMG\IMG\right_2021_01_21_17_06_20_664.jpg, 0, 1, 0, 30.19048
C:\Documents\Udemy\CompleteSelfDriving\FinalProject\Data\IMG\IMG\center_2021_01_21_17_06_20_770.jpg, C:\Documents\Udemy\CompleteSelfDriving\FinalProject\Data\IMG\IMG\left_2021_01_21_17_06_20_770.jpg, C:\Documents\Udemy\CompleteSelfDriving\FinalProject\Data\IMG\IMG\right_2021_01_21_17_06_20_770.jpg, 0, 1, 0, 30.19094
C:\Documents\Udemy\CompleteSelfDriving\FinalProject\Data\IMG\IMG\center_2021_01_21_17_06_20_875.jpg, C:\Documents\Udemy\CompleteSelfDriving\FinalProject\Data\IMG\IMG\left_2021_01_21_17_06_20_875.jpg, C:\Documents\Udemy\CompleteSelfDriving\FinalProject\Data\IMG\IMG\right_2021_01_21_17_06_20_875.jpg, 0, 1, 0, 30.19055
C:\Documents\Udemy\CompleteSelfDriving\FinalProject\Data\IMG\IMG\center_2021_01_21_17_06_20_978.jpg, C:\Documents\Udemy\CompleteSelfDriving\FinalProject\Data\IMG\IMG\left_2021_01_21_17_06_20_978.jpg, C:\Documents\Udemy\CompleteSelfDriving\FinalProject\Data\IMG\IMG\right_2021_01_21_17_06_20_978.jpg, 0, 1, 0, 30.19053
C:\Documents\Udemy\CompleteSelfDriving\FinalProject\Data\IMG\IMG\center_2021_01_21_17_06_21_086.jpg, C:\Documents\Udemy\CompleteSelfDriving\FinalProject\Data\IMG\IMG\left_2021_01_21_17_06_21_086.jpg, C:\Documents\Udemy\CompleteSelfDriving\FinalProject\Data\IMG\IMG\right_2021_01_21_17_06_21_086.jpg, 0, 1, 0, 30.19008
C:\Documents\Udemy\CompleteSelfDriving\FinalProject\Data\IMG\IMG\center_2021_01_21_17_06_21_191.jpg, C:\Documents\Udemy\CompleteSelfDriving\FinalProject\Data\IMG\IMG\left_2021_01_21_17_06_21_191.jpg, C:\Documents\Udemy\CompleteSelfDriving\FinalProject\Data\IMG\IMG\right_2021_01_21_17_06_21_191.jpg, 0, 1, 0, 30.19027
C:\Documents\Udemy\CompleteSelfDriving\FinalProject\Data\IMG\IMG\center_2021_01_21_17_06_21_295.jpg, C:\Documents\Udemy\CompleteSelfDriving\FinalProject\Data\IMG\IMG\left_2021_01_21_17_06_21_295.jpg, C:\Documents\Udemy\CompleteSelfDriving\FinalProject\Data\IMG\IMG\right_2021_01_21_17_06_21_295.jpg, 0, 1, 0, 30.19031
C:\Documents\Udemy\CompleteSelfDriving\FinalProject\Data\IMG\IMG\center_2021_01_21_17_06_21_399.jpg, C:\Documents\Udemy\CompleteSelfDriving\FinalProject\Data\IMG\IMG\left_2021_01_21_17_06_21_399.jpg, C:\Documents\Udemy\CompleteSelfDriving\FinalProject\Data\IMG\IMG\right_2021_01_21_17_06_21_399.jpg, 0, 1, 0, 30.19031
C:\Documents\Udemy\CompleteSelfDriving\FinalProject\Data\IMG\IMG\center_2021_01_21_17_06_21_502.jpg, C:\Documents\Udemy\CompleteSelfDriving\FinalProject\Data\IMG\IMG\left_2021_01_21_17_06_21_502.jpg, C:\Documents\Udemy\CompleteSelfDriving\FinalProject\Data\IMG\IMG\right_2021_01_21_17_06_21_502.jpg, 0, 1, 0, 30.19032
C:\Documents\Udemy\CompleteSelfDriving\FinalProject\Data\IMG\IMG\center_2021_01_21_17_06_21_609.jpg, C:\Documents\Udemy\CompleteSelfDriving\FinalProject\Data\IMG\IMG\left_2021_01_21_17_06_21_609.jpg, C:\Documents\Udemy\CompleteSelfDriving\FinalProject\Data\IMG\IMG\right_2021_01_21_17_06_21_609.jpg, 0, 1, 0, 30.19029
C:\Documents\Udemy\CompleteSelfDriving\FinalProject\Data\IMG\IMG\center_2021_01_21_17_06_21_710.jpg, C:\Documents\Udemy\CompleteSelfDriving\FinalProject\Data\IMG\IMG\left_2021_01_21_17_06_21_710.jpg, C:\Documents\Udemy\CompleteSelfDriving\FinalProject\Data\IMG\IMG\right_2021_01_21_17_06_21_710.jpg, 0, 1, 0, 30.19032
C:\Documents\Udemy\CompleteSelfDriving\FinalProject\Data\IMG\IMG\center_2021_01_21_17_06_21_813.jpg, C:\Documents\Udemy\CompleteSelfDriving\FinalProject\Data\IMG\IMG\left_2021_01_21_17_06_21_813.jpg, C:\Documents\Udemy\CompleteSelfDriving\FinalProject\Data\IMG\IMG\right_2021_01_21_17_06_21_813.jpg, 0, 1, 0, 30.19029
C:\Documents\Udemy\CompleteSelfDriving\FinalProject\Data\IMG\IMG\center_2021_01_21_17_06_21_919.jpg, C:\Documents\Udemy\CompleteSelfDriving\FinalProject\Data\IMG\IMG\left_2021_01_21_17_06_21_919.jpg, C:\Documents\Udemy\CompleteSelfDriving\FinalProject\Data\IMG\IMG\right_2021_01_21_17_06_21_919.jpg, 0, 1, 0, 30.19033
C:\Documents\Udemy\CompleteSelfDriving\FinalProject\Data\IMG\IMG\center_2021_01_21_17_06_22_019.jpg, C:\Documents\Udemy\CompleteSelfDriving\FinalProject\Data\IMG\IMG\left_2021_01_21_17_06_22_019.jpg, C:\Documents\Udemy\CompleteSelfDriving\FinalProject\Data\IMG\IMG\right_2021_01_21_17_06_22_019.jpg, 0, 1, 0, 30.19028
C:\Documents\Udemy\CompleteSelfDriving\FinalProject\Data\IMG\IMG\center_2021_01_21_17_06_22_127.jpg, C:\Documents\Udemy\CompleteSelfDriving\FinalProject\Data\IMG\IMG\left_2021_01_21_17_06_22_127.jpg, C:\Documents\Udemy\CompleteSelfDriving\FinalProject\Data\IMG\IMG\right_2021_01_21_17_06_22_127.jpg, 0, 1, 0, 30.1903
C:\Documents\Udemy\CompleteSelfDriving\FinalProject\Data\IMG\IMG\center_2021_01_21_17_06_22_237.jpg, C:\Documents\Udemy\CompleteSelfDriving\FinalProject\Data\IMG\IMG\left_2021_01_21_17_06_22_237.jpg, C:\Documents\Udemy\CompleteSelfDriving\FinalProject\Data\IMG\IMG\right_2021_01_21_17_06_22_237.jpg, 0, 1, 0, 30.19029
C:\Documents\Udemy\CompleteSelfDriving\FinalProject\Data\IMG\IMG\center_2021_01_21_17_06_22_340.jpg, C:\Documents\Udemy\CompleteSelfDriving\FinalProject\Data\IMG\IMG\left_2021_01_21_17_06_22_340.jpg, C:\Documents\Udemy\CompleteSelfDriving\FinalProject\Data\IMG\IMG\right_2021_01_21_17_06_22_340.jpg, 0, 1, 0, 30.19028
C:\Documents\Udemy\CompleteSelfDriving\FinalProject\Data\IMG\IMG\center_2021_01_21_17_06_22_446.jpg, C:\Documents\Udemy\CompleteSelfDriving\FinalProject\Data\IMG\IMG\left_2021_01_21_17_06_22_446.jpg, C:\Documents\Udemy\CompleteSelfDriving\FinalProject\Data\IMG\IMG\right_2021_01_21_17_06_22_446.jpg, 0, 1, 0, 30.19008
C:\Documents\Udemy\CompleteSelfDriving\FinalProject\Data\IMG\IMG\center_2021_01_21_17_06_22_551.jpg, C:\Documents\Udemy\CompleteSelfDriving\FinalProject\Data\IMG\IMG\left_2021_01_21_17_06_22_551.jpg, C:\Documents\Udemy\CompleteSelfDriving\FinalProject\Data\IMG\IMG\right_2021_01_21_17_06_22_551.jpg, 0, 1, 0, 30.19002
C:\Documents\Udemy\CompleteSelfDriving\FinalProject\Data\IMG\IMG\center_2021_01_21_17_06_22_657.jpg, C:\Documents\Udemy\CompleteSelfDriving\FinalProject\Data\IMG\IMG\left_2021_01_21_17_06_22_657.jpg, C:\Documents\Udemy\CompleteSelfDriving\FinalProject\Data\IMG\IMG\right_2021_01_21_17_06_22_657.jpg, 0, 1, 0, 30.19079
C:\Documents\Udemy\CompleteSelfDriving\FinalProject\Data\IMG\IMG\center_2021_01_21_17_06_22_758.jpg, C:\Documents\Udemy\CompleteSelfDriving\FinalProject\Data\IMG\IMG\left_2021_01_21_17_06_22_758.jpg, C:\Documents\Udemy\CompleteSelfDriving\FinalProject\Data\IMG\IMG\right_2021_01_21_17_06_22_758.jpg, 0, 1, 0, 30.18974
C:\Documents\Udemy\CompleteSelfDriving\FinalProject\Data\IMG\IMG\center_2021_01_21_17_06_22_866.jpg, C:\Documents\Udemy\CompleteSelfDriving\FinalProject\Data\IMG\IMG\left_2021_01_21_17_06_22_866.jpg, C:\Documents\Udemy\CompleteSelfDriving\FinalProject\Data\IMG\IMG\right_2021_01_21_17_06_22_866.jpg, 0, 1, 0, 30.19008
C:\Documents\Udemy\CompleteSelfDriving\FinalProject\Data\IMG\IMG\center_2021_01_21_17_06_22_968.jpg, C:\Documents\Udemy\CompleteSelfDriving\FinalProject\Data\IMG\IMG\left_2021_01_21_17_06_22_968.jpg, C:\Documents\Udemy\CompleteSelfDriving\FinalProject\Data\IMG\IMG\right_2021_01_21_17_06_22_968.jpg, 0, 1, 0, 30.19005
C:\Documents\Udemy\CompleteSelfDriving\FinalProject\Data\IMG\IMG\center_2021_01_21_17_06_23_069.jpg, C:\Documents\Udemy\CompleteSelfDriving\FinalProject\Data\IMG\IMG\left_2021_01_21_17_06_23_069.jpg, C:\Documents\Udemy\CompleteSelfDriving\FinalProject\Data\IMG\IMG\right_2021_01_21_17_06_23_069.jpg, 0, 1, 0, 30.19003
C:\Documents\Udemy\CompleteSelfDriving\FinalProject\Data\IMG\IMG\center_2021_01_21_17_06_23_168.jpg, C:\Documents\Udemy\CompleteSelfDriving\FinalProject\Data\IMG\IMG\left_2021_01_21_17_06_23_168.jpg, C:\Documents\Udemy\CompleteSelfDriving\FinalProject\Data\IMG\IMG\right_2021_01_21_17_06_23_168.jpg, 0, 1, 0, 30.19013
C:\Documents\Udemy\CompleteSelfDriving\FinalProject\Data\IMG\IMG\center_2021_01_21_17_06_23_270.jpg, C:\Documents\Udemy\CompleteSelfDriving\FinalProject\Data\IMG\IMG\left_2021_01_21_17_06_23_270.jpg, C:\Documents\Udemy\CompleteSelfDriving\FinalProject\Data\IMG\IMG\right_2021_01_21_17_06_23_270.jpg, 0, 1, 0, 30.19006
C:\Documents\Udemy\CompleteSelfDriving\FinalProject\Data\IMG\IMG\center_2021_01_21_17_06_23_370.jpg, C:\Documents\Udemy\CompleteSelfDriving\FinalProject\Data\IMG\IMG\left_2021_01_21_17_06_23_370.jpg, C:\Documents\Udemy\CompleteSelfDriving\FinalProject\Data\IMG\IMG\right_2021_01_21_17_06_23_370.jpg, 0, 1, 0, 30.19018
C:\Documents\Udemy\CompleteSelfDriving\FinalProject\Data\IMG\IMG\center_2021_01_21_17_06_23_473.jpg, C:\Documents\Udemy\CompleteSelfDriving\FinalProject\Data\IMG\IMG\left_2021_01_21_17_06_23_473.jpg, C:\Documents\Udemy\CompleteSelfDriving\FinalProject\Data\IMG\IMG\right_2021_01_21_17_06_23_473.jpg, 0, 1, 0, 30.19015
C:\Documents\Udemy\CompleteSelfDriving\FinalProject\Data\IMG\IMG\center_2021_01_21_17_06_23_576.jpg, C:\Documents\Udemy\CompleteSelfDriving\FinalProject\Data\IMG\IMG\left_2021_01_21_17_06_23_576.jpg, C:\Documents\Udemy\CompleteSelfDriving\FinalProject\Data\IMG\IMG\right_2021_01_21_17_06_23_576.jpg, 0, 1, 0, 30.19015
C:\Documents\Udemy\CompleteSelfDriving\FinalProject\Data\IMG\IMG\center_2021_01_21_17_06_23_678.jpg, C:\Documents\Udemy\CompleteSelfDriving\FinalProject\Data\IMG\IMG\left_2021_01_21_17_06_23_678.jpg, C:\Documents\Udemy\CompleteSelfDriving\FinalProject\Data\IMG\IMG\right_2021_01_21_17_06_23_678.jpg, 0, 1, 0, 30.19028
C:\Documents\Udemy\CompleteSelfDriving\FinalProject\Data\IMG\IMG\center_2021_01_21_17_06_23_785.jpg, C:\Documents\Udemy\CompleteSelfDriving\FinalProject\Data\IMG\IMG\left_2021_01_21_17_06_23_785.jpg, C:\Documents\Udemy\CompleteSelfDriving\FinalProject\Data\IMG\IMG\right_2021_01_21_17_06_23_785.jpg, 0, 1, 0, 30.19018
C:\Documents\Udemy\CompleteSelfDriving\FinalProject\Data\IMG\IMG\center_2021_01_21_17_06_23_887.jpg, C:\Documents\Udemy\CompleteSelfDriving\FinalProject\Data\IMG\IMG\left_2021_01_21_17_06_23_887.jpg, C:\Documents\Udemy\CompleteSelfDriving\FinalProject\Data\IMG\IMG\right_2021_01_21_17_06_23_887.jpg, 0, 1, 0, 30.19033
C:\Documents\Udemy\CompleteSelfDriving\FinalProject\Data\IMG\IMG\center_2021_01_21_17_06_23_992.jpg, C:\Documents\Udemy\CompleteSelfDriving\FinalProject\Data\IMG\IMG\left_2021_01_21_17_06_23_992.jpg, C:\Documents\Udemy\CompleteSelfDriving\FinalProject\Data\IMG\IMG\right_2021_01_21_17_06_23_992.jpg, 0, 1, 0, 30.19023
C:\Documents\Udemy\CompleteSelfDriving\FinalProject\Data\IMG\IMG\center_2021_01_21_17_06_24_094.jpg, C:\Documents\Udemy\CompleteSelfDriving\FinalProject\Data\IMG\IMG\left_2021_01_21_17_06_24_094.jpg, C:\Documents\Udemy\CompleteSelfDriving\FinalProject\Data\IMG\IMG\right_2021_01_21_17_06_24_094.jpg, 0, 1, 0, 30.19023
C:\Documents\Udemy\CompleteSelfDriving\FinalProject\Data\IMG\IMG\center_2021_01_21_17_06_24_199.jpg, C:\Documents\Udemy\CompleteSelfDriving\FinalProject\Data\IMG\IMG\left_2021_01_21_17_06_24_199.jpg, C:\Documents\Udemy\CompleteSelfDriving\FinalProject\Data\IMG\IMG\right_2021_01_21_17_06_24_199.jpg, 0, 1, 0, 30.19034
C:\Documents\Udemy\CompleteSelfDriving\FinalProject\Data\IMG\IMG\center_2021_01_21_17_06_24_303.jpg, C:\Documents\Udemy\CompleteSelfDriving\FinalProject\Data\IMG\IMG\left_2021_01_21_17_06_24_303.jpg, C:\Documents\Udemy\CompleteSelfDriving\FinalProject\Data\IMG\IMG\right_2021_01_21_17_06_24_303.jpg, 0, 1, 0, 30.19027
C:\Documents\Udemy\CompleteSelfDriving\FinalProject\Data\IMG\IMG\center_2021_01_21_17_06_24_403.jpg, C:\Documents\Udemy\CompleteSelfDriving\FinalProject\Data\IMG\IMG\left_2021_01_21_17_06_24_403.jpg, C:\Documents\Udemy\CompleteSelfDriving\FinalProject\Data\IMG\IMG\right_2021_01_21_17_06_24_403.jpg, 0, 1, 0, 30.19047
C:\Documents\Udemy\CompleteSelfDriving\FinalProject\Data\IMG\IMG\center_2021_01_21_17_06_24_507.jpg, C:\Documents\Udemy\CompleteSelfDriving\FinalProject\Data\IMG\IMG\left_2021_01_21_17_06_24_507.jpg, C:\Documents\Udemy\CompleteSelfDriving\FinalProject\Data\IMG\IMG\right_2021_01_21_17_06_24_507.jpg, 0, 1, 0, 30.19032
C:\Documents\Udemy\CompleteSelfDriving\FinalProject\Data\IMG\IMG\center_2021_01_21_17_06_24_608.jpg, C:\Documents\Udemy\CompleteSelfDriving\FinalProject\Data\IMG\IMG\left_2021_01_21_17_06_24_608.jpg, C:\Documents\Udemy\CompleteSelfDriving\FinalProject\Data\IMG\IMG\right_2021_01_21_17_06_24_608.jpg, 0, 1, 0, 30.19
C:\Documents\Udemy\CompleteSelfDriving\FinalProject\Data\IMG\IMG\center_2021_01_21_17_06_24_709.jpg, C:\Documents\Udemy\CompleteSelfDriving\FinalProject\Data\IMG\IMG\left_2021_01_21_17_06_24_709.jpg, C:\Documents\Udemy\CompleteSelfDriving\FinalProject\Data\IMG\IMG\right_2021_01_21_17_06_24_709.jpg, 0.3037731, 1, 0, 30.17103
C:\Documents\Udemy\CompleteSelfDriving\FinalProject\Data\IMG\IMG\center_2021_01_21_17_06_24_811.jpg, C:\Documents\Udemy\CompleteSelfDriving\FinalProject\Data\IMG\IMG\left_2021_01_21_17_06_24_811.jpg, C:\Documents\Udemy\CompleteSelfDriving\FinalProject\Data\IMG\IMG\right_2021_01_21_17_06_24_811.jpg, 0.49391, 1, 0, 30.15439
C:\Documents\Udemy\CompleteSelfDriving\FinalProject\Data\IMG\IMG\center_2021_01_21_17_06_24_913.jpg, C:\Documents\Udemy\CompleteSelfDriving\FinalProject\Data\IMG\IMG\left_2021_01_21_17_06_24_913.jpg, C:\Documents\Udemy\CompleteSelfDriving\FinalProject\Data\IMG\IMG\right_2021_01_21_17_06_24_913.jpg, 0.1937246, 1, 0, 30.19264
C:\Documents\Udemy\CompleteSelfDriving\FinalProject\Data\IMG\IMG\center_2021_01_21_17_06_25_020.jpg, C:\Documents\Udemy\CompleteSelfDriving\FinalProject\Data\IMG\IMG\left_2021_01_21_17_06_25_020.jpg, C:\Documents\Udemy\CompleteSelfDriving\FinalProject\Data\IMG\IMG\right_2021_01_21_17_06_25_020.jpg, 0, 1, 0, 30.18846
C:\Documents\Udemy\CompleteSelfDriving\FinalProject\Data\IMG\IMG\center_2021_01_21_17_06_25_129.jpg, C:\Documents\Udemy\CompleteSelfDriving\FinalProject\Data\IMG\IMG\left_2021_01_21_17_06_25_129.jpg, C:\Documents\Udemy\CompleteSelfDriving\FinalProject\Data\IMG\IMG\right_2021_01_21_17_06_25_129.jpg, 0, 1, 0, 30.18989
C:\Documents\Udemy\CompleteSelfDriving\FinalProject\Data\IMG\IMG\center_2021_01_21_17_06_25_234.jpg, C:\Documents\Udemy\CompleteSelfDriving\FinalProject\Data\IMG\IMG\left_2021_01_21_17_06_25_234.jpg, C:\Documents\Udemy\CompleteSelfDriving\FinalProject\Data\IMG\IMG\right_2021_01_21_17_06_25_234.jpg, -0.2964186, 1, 0, 30.17106
C:\Documents\Udemy\CompleteSelfDriving\FinalProject\Data\IMG\IMG\center_2021_01_21_17_06_25_336.jpg, C:\Documents\Udemy\CompleteSelfDriving\FinalProject\Data\IMG\IMG\left_2021_01_21_17_06_25_336.jpg, C:\Documents\Udemy\CompleteSelfDriving\FinalProject\Data\IMG\IMG\right_2021_01_21_17_06_25_336.jpg, -0.5903013, 1, 0, 30.13679
C:\Documents\Udemy\CompleteSelfDriving\FinalProject\Data\IMG\IMG\center_2021_01_21_17_06_25_436.jpg, C:\Documents\Udemy\CompleteSelfDriving\FinalProject\Data\IMG\IMG\left_2021_01_21_17_06_25_436.jpg, C:\Documents\Udemy\CompleteSelfDriving\FinalProject\Data\IMG\IMG\right_2021_01_21_17_06_25_436.jpg, -0.3530997, 1, 0, 30.18774
C:\Documents\Udemy\CompleteSelfDriving\FinalProject\Data\IMG\IMG\center_2021_01_21_17_06_25_539.jpg, C:\Documents\Udemy\CompleteSelfDriving\FinalProject\Data\IMG\IMG\left_2021_01_21_17_06_25_539.jpg, C:\Documents\Udemy\CompleteSelfDriving\FinalProject\Data\IMG\IMG\right_2021_01_21_17_06_25_539.jpg, -0.04512239, 1, 0, 30.19052
C:\Documents\Udemy\CompleteSelfDriving\FinalProject\Data\IMG\IMG\center_2021_01_21_17_06_25_647.jpg, C:\Documents\Udemy\CompleteSelfDriving\FinalProject\Data\IMG\IMG\left_2021_01_21_17_06_25_647.jpg, C:\Documents\Udemy\CompleteSelfDriving\FinalProject\Data\IMG\IMG\right_2021_01_21_17_06_25_647.jpg, 0.08735101, 1, 0, 30.18559
C:\Documents\Udemy\CompleteSelfDriving\FinalProject\Data\IMG\IMG\center_2021_01_21_17_06_25_753.jpg, C:\Documents\Udemy\CompleteSelfDriving\FinalProject\Data\IMG\IMG\left_2021_01_21_17_06_25_753.jpg, C:\Documents\Udemy\CompleteSelfDriving\FinalProject\Data\IMG\IMG\right_2021_01_21_17_06_25_753.jpg, 0.3851781, 1, 0, 30.15815
C:\Documents\Udemy\CompleteSelfDriving\FinalProject\Data\IMG\IMG\center_2021_01_21_17_06_25_860.jpg, C:\Documents\Udemy\CompleteSelfDriving\FinalProject\Data\IMG\IMG\left_2021_01_21_17_06_25_860.jpg, C:\Documents\Udemy\CompleteSelfDriving\FinalProject\Data\IMG\IMG\right_2021_01_21_17_06_25_860.jpg, 0.1336485, 1, 0, 30.19042
C:\Documents\Udemy\CompleteSelfDriving\FinalProject\Data\IMG\IMG\center_2021_01_21_17_06_25_963.jpg, C:\Documents\Udemy\CompleteSelfDriving\FinalProject\Data\IMG\IMG\left_2021_01_21_17_06_25_963.jpg, C:\Documents\Udemy\CompleteSelfDriving\FinalProject\Data\IMG\IMG\right_2021_01_21_17_06_25_963.jpg, 0, 1, 0, 30.19023
C:\Documents\Udemy\CompleteSelfDriving\FinalProject\Data\IMG\IMG\center_2021_01_21_17_06_26_065.jpg, C:\Documents\Udemy\CompleteSelfDriving\FinalProject\Data\IMG\IMG\left_2021_01_21_17_06_26_065.jpg, C:\Documents\Udemy\CompleteSelfDriving\FinalProject\Data\IMG\IMG\right_2021_01_21_17_06_26_065.jpg, 0, 1, 0, 30.19049
C:\Documents\Udemy\CompleteSelfDriving\FinalProject\Data\IMG\IMG\center_2021_01_21_17_06_26_174.jpg, C:\Documents\Udemy\CompleteSelfDriving\FinalProject\Data\IMG\IMG\left_2021_01_21_17_06_26_174.jpg, C:\Documents\Udemy\CompleteSelfDriving\FinalProject\Data\IMG\IMG\right_2021_01_21_17_06_26_174.jpg, 0.2983956, 1, 0, 30.17255
C:\Documents\Udemy\CompleteSelfDriving\FinalProject\Data\IMG\IMG\center_2021_01_21_17_06_26_281.jpg, C:\Documents\Udemy\CompleteSelfDriving\FinalProject\Data\IMG\IMG\left_2021_01_21_17_06_26_281.jpg, C:\Documents\Udemy\CompleteSelfDriving\FinalProject\Data\IMG\IMG\right_2021_01_21_17_06_26_281.jpg, 0.6051717, 1, 0, 30.13556
C:\Documents\Udemy\CompleteSelfDriving\FinalProject\Data\IMG\IMG\center_2021_01_21_17_06_26_383.jpg, C:\Documents\Udemy\CompleteSelfDriving\FinalProject\Data\IMG\IMG\left_2021_01_21_17_06_26_383.jpg, C:\Documents\Udemy\CompleteSelfDriving\FinalProject\Data\IMG\IMG\right_2021_01_21_17_06_26_383.jpg, 0.9089463, 1, 0, 30.09782
C:\Documents\Udemy\CompleteSelfDriving\FinalProject\Data\IMG\IMG\center_2021_01_21_17_06_26_487.jpg, C:\Documents\Udemy\CompleteSelfDriving\FinalProject\Data\IMG\IMG\left_2021_01_21_17_06_26_487.jpg, C:\Documents\Udemy\CompleteSelfDriving\FinalProject\Data\IMG\IMG\right_2021_01_21_17_06_26_487.jpg, 1, 1, 0, 30.10523
C:\Documents\Udemy\CompleteSelfDriving\FinalProject\Data\IMG\IMG\center_2021_01_21_17_06_26_590.jpg, C:\Documents\Udemy\CompleteSelfDriving\FinalProject\Data\IMG\IMG\left_2021_01_21_17_06_26_590.jpg, C:\Documents\Udemy\CompleteSelfDriving\FinalProject\Data\IMG\IMG\right_2021_01_21_17_06_26_590.jpg, 1, 1, 0, 30.13282
C:\Documents\Udemy\CompleteSelfDriving\FinalProject\Data\IMG\IMG\center_2021_01_21_17_06_26_692.jpg, C:\Documents\Udemy\CompleteSelfDriving\FinalProject\Data\IMG\IMG\left_2021_01_21_17_06_26_692.jpg, C:\Documents\Udemy\CompleteSelfDriving\FinalProject\Data\IMG\IMG\right_2021_01_21_17_06_26_692.jpg, 0.7179535, 1, 0, 30.19582
C:\Documents\Udemy\CompleteSelfDriving\FinalProject\Data\IMG\IMG\center_2021_01_21_17_06_26_799.jpg, C:\Documents\Udemy\CompleteSelfDriving\FinalProject\Data\IMG\IMG\left_2021_01_21_17_06_26_799.jpg, C:\Documents\Udemy\CompleteSelfDriving\FinalProject\Data\IMG\IMG\right_2021_01_21_17_06_26_799.jpg, -0.0267009, 1, 0, 30.16892
C:\Documents\Udemy\CompleteSelfDriving\FinalProject\Data\IMG\IMG\center_2021_01_21_17_06_26_901.jpg, C:\Documents\Udemy\CompleteSelfDriving\FinalProject\Data\IMG\IMG\left_2021_01_21_17_06_26_901.jpg, C:\Documents\Udemy\CompleteSelfDriving\FinalProject\Data\IMG\IMG\right_2021_01_21_17_06_26_901.jpg, 0, 1, 0, 30.17779
C:\Documents\Udemy\CompleteSelfDriving\FinalProject\Data\IMG\IMG\center_2021_01_21_17_06_27_007.jpg, C:\Documents\Udemy\CompleteSelfDriving\FinalProject\Data\IMG\IMG\left_2021_01_21_17_06_27_007.jpg, C:\Documents\Udemy\CompleteSelfDriving\FinalProject\Data\IMG\IMG\right_2021_01_21_17_06_27_007.jpg, 0, 1, 0, 30.04375
C:\Documents\Udemy\CompleteSelfDriving\FinalProject\Data\IMG\IMG\center_2021_01_21_17_06_27_112.jpg, C:\Documents\Udemy\CompleteSelfDriving\FinalProject\Data\IMG\IMG\left_2021_01_21_17_06_27_112.jpg, C:\Documents\Udemy\CompleteSelfDriving\FinalProject\Data\IMG\IMG\right_2021_01_21_17_06_27_112.jpg, 0, 1, 0, 29.87591
C:\Documents\Udemy\CompleteSelfDriving\FinalProject\Data\IMG\IMG\center_2021_01_21_17_06_27_219.jpg, C:\Documents\Udemy\CompleteSelfDriving\FinalProject\Data\IMG\IMG\left_2021_01_21_17_06_27_219.jpg, C:\Documents\Udemy\CompleteSelfDriving\FinalProject\Data\IMG\IMG\right_2021_01_21_17_06_27_219.jpg, 0, 1, 0, 30.22595
C:\Documents\Udemy\CompleteSelfDriving\FinalProject\Data\IMG\IMG\center_2021_01_21_17_06_27_320.jpg, C:\Documents\Udemy\CompleteSelfDriving\FinalProject\Data\IMG\IMG\left_2021_01_21_17_06_27_320.jpg, C:\Documents\Udemy\CompleteSelfDriving\FinalProject\Data\IMG\IMG\right_2021_01_21_17_06_27_320.jpg, 0, 1, 0, 29.29867
C:\Documents\Udemy\CompleteSelfDriving\FinalProject\Data\IMG\IMG\center_2021_01_21_17_06_27_426.jpg, C:\Documents\Udemy\CompleteSelfDriving\FinalProject\Data\IMG\IMG\left_2021_01_21_17_06_27_426.jpg, C:\Documents\Udemy\CompleteSelfDriving\FinalProject\Data\IMG\IMG\right_2021_01_21_17_06_27_426.jpg, 0, 1, 0, 27.91472
C:\Documents\Udemy\CompleteSelfDriving\FinalProject\Data\IMG\IMG\center_2021_01_21_17_06_27_530.jpg, C:\Documents\Udemy\CompleteSelfDriving\FinalProject\Data\IMG\IMG\left_2021_01_21_17_06_27_530.jpg, C:\Documents\Udemy\CompleteSelfDriving\FinalProject\Data\IMG\IMG\right_2021_01_21_17_06_27_530.jpg, -0.3139623, 1, 0, 28.00095
C:\Documents\Udemy\CompleteSelfDriving\FinalProject\Data\IMG\IMG\center_2021_01_21_17_06_27_631.jpg, C:\Documents\Udemy\CompleteSelfDriving\FinalProject\Data\IMG\IMG\left_2021_01_21_17_06_27_631.jpg, C:\Documents\Udemy\CompleteSelfDriving\FinalProject\Data\IMG\IMG\right_2021_01_21_17_06_27_631.jpg, -0.6161451, 1, 0, 28.22779
C:\Documents\Udemy\CompleteSelfDriving\FinalProject\Data\IMG\IMG\center_2021_01_21_17_06_27_737.jpg, C:\Documents\Udemy\CompleteSelfDriving\FinalProject\Data\IMG\IMG\left_2021_01_21_17_06_27_737.jpg, C:\Documents\Udemy\CompleteSelfDriving\FinalProject\Data\IMG\IMG\right_2021_01_21_17_06_27_737.jpg, -0.907509, 1, 0, 28.54706
C:\Documents\Udemy\CompleteSelfDriving\FinalProject\Data\IMG\IMG\center_2021_01_21_17_06_27_840.jpg, C:\Documents\Udemy\CompleteSelfDriving\FinalProject\Data\IMG\IMG\left_2021_01_21_17_06_27_840.jpg, C:\Documents\Udemy\CompleteSelfDriving\FinalProject\Data\IMG\IMG\right_2021_01_21_17_06_27_840.jpg, -1, 1, 0, 29.6087
C:\Documents\Udemy\CompleteSelfDriving\FinalProject\Data\IMG\IMG\center_2021_01_21_17_06_27_945.jpg, C:\Documents\Udemy\CompleteSelfDriving\FinalProject\Data\IMG\IMG\left_2021_01_21_17_06_27_945.jpg, C:\Documents\Udemy\CompleteSelfDriving\FinalProject\Data\IMG\IMG\right_2021_01_21_17_06_27_945.jpg, -1, 1, 0, 8.64538
C:\Documents\Udemy\CompleteSelfDriving\FinalProject\Data\IMG\IMG\center_2021_01_21_17_06_28_047.jpg, C:\Documents\Udemy\CompleteSelfDriving\FinalProject\Data\IMG\IMG\left_2021_01_21_17_06_28_047.jpg, C:\Documents\Udemy\CompleteSelfDriving\FinalProject\Data\IMG\IMG\right_2021_01_21_17_06_28_047.jpg, -1, 1, 0, 7.067067
C:\Documents\Udemy\CompleteSelfDriving\FinalProject\Data\IMG\IMG\center_2021_01_21_17_06_28_148.jpg, C:\Documents\Udemy\CompleteSelfDriving\FinalProject\Data\IMG\IMG\left_2021_01_21_17_06_28_148.jpg, C:\Documents\Udemy\CompleteSelfDriving\FinalProject\Data\IMG\IMG\right_2021_01_21_17_06_28_148.jpg, -1, 0.9539245, 0, 5.619099
C:\Documents\Udemy\CompleteSelfDriving\FinalProject\Data\IMG\IMG\center_2021_01_21_17_06_28_251.jpg, C:\Documents\Udemy\CompleteSelfDriving\FinalProject\Data\IMG\IMG\left_2021_01_21_17_06_28_251.jpg, C:\Documents\Udemy\CompleteSelfDriving\FinalProject\Data\IMG\IMG\right_2021_01_21_17_06_28_251.jpg, -0.7086384, 0.662563, 0, 4.351245
C:\Documents\Udemy\CompleteSelfDriving\FinalProject\Data\IMG\IMG\center_2021_01_21_17_06_28_361.jpg, C:\Documents\Udemy\CompleteSelfDriving\FinalProject\Data\IMG\IMG\left_2021_01_21_17_06_28_361.jpg, C:\Documents\Udemy\CompleteSelfDriving\FinalProject\Data\IMG\IMG\right_2021_01_21_17_06_28_361.jpg, -0.4040623, 0.3579868, 0, 3.058684
C:\Documents\Udemy\CompleteSelfDriving\FinalProject\Data\IMG\IMG\center_2021_01_21_17_06_28_463.jpg, C:\Documents\Udemy\CompleteSelfDriving\FinalProject\Data\IMG\IMG\left_2021_01_21_17_06_28_463.jpg, C:\Documents\Udemy\CompleteSelfDriving\FinalProject\Data\IMG\IMG\right_2021_01_21_17_06_28_463.jpg, -0.09443107, 0.04835561, 0, 1.896946
C:\Documents\Udemy\CompleteSelfDriving\FinalProject\Data\IMG\IMG\center_2021_01_21_17_06_28_566.jpg, C:\Documents\Udemy\CompleteSelfDriving\FinalProject\Data\IMG\IMG\left_2021_01_21_17_06_28_566.jpg, C:\Documents\Udemy\CompleteSelfDriving\FinalProject\Data\IMG\IMG\right_2021_01_21_17_06_28_566.jpg, 0, 0, 0, 0.7378407
C:\Documents\Udemy\CompleteSelfDriving\FinalProject\Data\IMG\IMG\center_2021_01_21_17_06_28_671.jpg, C:\Documents\Udemy\CompleteSelfDriving\FinalProject\Data\IMG\IMG\left_2021_01_21_17_06_28_671.jpg, C:\Documents\Udemy\CompleteSelfDriving\FinalProject\Data\IMG\IMG\right_2021_01_21_17_06_28_671.jpg, 0, 0, 0, 0.3903913
C:\Documents\Udemy\CompleteSelfDriving\FinalProject\Data\IMG\IMG\center_2021_01_21_17_06_28_771.jpg, C:\Documents\Udemy\CompleteSelfDriving\FinalProject\Data\IMG\IMG\left_2021_01_21_17_06_28_771.jpg, C:\Documents\Udemy\CompleteSelfDriving\FinalProject\Data\IMG\IMG\right_2021_01_21_17_06_28_771.jpg, 0, 0, 0, 0.1983209
C:\Documents\Udemy\CompleteSelfDriving\FinalProject\Data\IMG\IMG\center_2021_01_21_17_06_28_879.jpg, C:\Documents\Udemy\CompleteSelfDriving\FinalProject\Data\IMG\IMG\left_2021_01_21_17_06_28_879.jpg, C:\Documents\Udemy\CompleteSelfDriving\FinalProject\Data\IMG\IMG\right_2021_01_21_17_06_28_879.jpg, 0, 0, 0, 0.1293118
C:\Documents\Udemy\CompleteSelfDriving\FinalProject\Data\IMG\IMG\center_2021_01_21_17_06_28_984.jpg, C:\Documents\Udemy\CompleteSelfDriving\FinalProject\Data\IMG\IMG\left_2021_01_21_17_06_28_984.jpg, C:\Documents\Udemy\CompleteSelfDriving\FinalProject\Data\IMG\IMG\right_2021_01_21_17_06_28_984.jpg, 0, 0, 0, 0.1504623
C:\Documents\Udemy\CompleteSelfDriving\FinalProject\Data\IMG\IMG\center_2021_01_21_17_06_29_089.jpg, C:\Documents\Udemy\CompleteSelfDriving\FinalProject\Data\IMG\IMG\left_2021_01_21_17_06_29_089.jpg, C:\Documents\Udemy\CompleteSelfDriving\FinalProject\Data\IMG\IMG\right_2021_01_21_17_06_29_089.jpg, 0, 0, 0, 0.15803
C:\Documents\Udemy\CompleteSelfDriving\FinalProject\Data\IMG\IMG\center_2021_01_21_17_06_29_196.jpg, C:\Documents\Udemy\CompleteSelfDriving\FinalProject\Data\IMG\IMG\left_2021_01_21_17_06_29_196.jpg, C:\Documents\Udemy\CompleteSelfDriving\FinalProject\Data\IMG\IMG\right_2021_01_21_17_06_29_196.jpg, 0, 0.2865519, 0, 0.2218041
C:\Documents\Udemy\CompleteSelfDriving\FinalProject\Data\IMG\IMG\center_2021_01_21_17_06_29_298.jpg, C:\Documents\Udemy\CompleteSelfDriving\FinalProject\Data\IMG\IMG\left_2021_01_21_17_06_29_298.jpg, C:\Documents\Udemy\CompleteSelfDriving\FinalProject\Data\IMG\IMG\right_2021_01_21_17_06_29_298.jpg, 0, 0.5933802, 0, 0.04097905
C:\Documents\Udemy\CompleteSelfDriving\FinalProject\Data\IMG\IMG\center_2021_01_21_17_06_29_404.jpg, C:\Documents\Udemy\CompleteSelfDriving\FinalProject\Data\IMG\IMG\left_2021_01_21_17_06_29_404.jpg, C:\Documents\Udemy\CompleteSelfDriving\FinalProject\Data\IMG\IMG\right_2021_01_21_17_06_29_404.jpg, 0, 0.9457724, 0, 0.07249753
C:\Documents\Udemy\CompleteSelfDriving\FinalProject\Data\IMG\IMG\center_2021_01_21_17_06_29_513.jpg, C:\Documents\Udemy\CompleteSelfDriving\FinalProject\Data\IMG\IMG\left_2021_01_21_17_06_29_513.jpg, C:\Documents\Udemy\CompleteSelfDriving\FinalProject\Data\IMG\IMG\right_2021_01_21_17_06_29_513.jpg, 0, 1, 0, 0.05898618
C:\Documents\Udemy\CompleteSelfDriving\FinalProject\Data\IMG\IMG\center_2021_01_21_17_06_29_620.jpg, C:\Documents\Udemy\CompleteSelfDriving\FinalProject\Data\IMG\IMG\left_2021_01_21_17_06_29_620.jpg, C:\Documents\Udemy\CompleteSelfDriving\FinalProject\Data\IMG\IMG\right_2021_01_21_17_06_29_620.jpg, 0, 1, 0, 0.07523075
C:\Documents\Udemy\CompleteSelfDriving\FinalProject\Data\IMG\IMG\center_2021_01_21_17_06_29_722.jpg, C:\Documents\Udemy\CompleteSelfDriving\FinalProject\Data\IMG\IMG\left_2021_01_21_17_06_29_722.jpg, C:\Documents\Udemy\CompleteSelfDriving\FinalProject\Data\IMG\IMG\right_2021_01_21_17_06_29_722.jpg, -0.2667714, 1, 0, 0.04940984
C:\Documents\Udemy\CompleteSelfDriving\FinalProject\Data\IMG\IMG\center_2021_01_21_17_06_29_823.jpg, C:\Documents\Udemy\CompleteSelfDriving\FinalProject\Data\IMG\IMG\left_2021_01_21_17_06_29_823.jpg, C:\Documents\Udemy\CompleteSelfDriving\FinalProject\Data\IMG\IMG\right_2021_01_21_17_06_29_823.jpg, -0.5724192, 1, 0, 0.05759314
C:\Documents\Udemy\CompleteSelfDriving\FinalProject\Data\IMG\IMG\center_2021_01_21_17_06_29_934.jpg, C:\Documents\Udemy\CompleteSelfDriving\FinalProject\Data\IMG\IMG\left_2021_01_21_17_06_29_934.jpg, C:\Documents\Udemy\CompleteSelfDriving\FinalProject\Data\IMG\IMG\right_2021_01_21_17_06_29_934.jpg, -0.7923429, 1, 0, 0.03838691
C:\Documents\Udemy\CompleteSelfDriving\FinalProject\Data\IMG\IMG\center_2021_01_21_17_06_30_034.jpg, C:\Documents\Udemy\CompleteSelfDriving\FinalProject\Data\IMG\IMG\left_2021_01_21_17_06_30_034.jpg, C:\Documents\Udemy\CompleteSelfDriving\FinalProject\Data\IMG\IMG\right_2021_01_21_17_06_30_034.jpg, -0.5169567, 0.7246138, 0, 0.04575695
C:\Documents\Udemy\CompleteSelfDriving\FinalProject\Data\IMG\IMG\center_2021_01_21_17_06_30_136.jpg, C:\Documents\Udemy\CompleteSelfDriving\FinalProject\Data\IMG\IMG\left_2021_01_21_17_06_30_136.jpg, C:\Documents\Udemy\CompleteSelfDriving\FinalProject\Data\IMG\IMG\right_2021_01_21_17_06_30_136.jpg, -0.222828, 0.4304852, 0, 0.04043146
C:\Documents\Udemy\CompleteSelfDriving\FinalProject\Data\IMG\IMG\center_2021_01_21_17_06_30_248.jpg, C:\Documents\Udemy\CompleteSelfDriving\FinalProject\Data\IMG\IMG\left_2021_01_21_17_06_30_248.jpg, C:\Documents\Udemy\CompleteSelfDriving\FinalProject\Data\IMG\IMG\right_2021_01_21_17_06_30_248.jpg, 0, 0.06014026, 0, 0.005558559
C:\Documents\Udemy\CompleteSelfDriving\FinalProject\Data\IMG\IMG\center_2021_01_21_17_06_30_350.jpg, C:\Documents\Udemy\CompleteSelfDriving\FinalProject\Data\IMG\IMG\left_2021_01_21_17_06_30_350.jpg, C:\Documents\Udemy\CompleteSelfDriving\FinalProject\Data\IMG\IMG\right_2021_01_21_17_06_30_350.jpg, 0, 0, 0.0144711, 0.03417131
C:\Documents\Udemy\CompleteSelfDriving\FinalProject\Data\IMG\IMG\center_2021_01_21_17_06_30_453.jpg, C:\Documents\Udemy\CompleteSelfDriving\FinalProject\Data\IMG\IMG\left_2021_01_21_17_06_30_453.jpg, C:\Documents\Udemy\CompleteSelfDriving\FinalProject\Data\IMG\IMG\right_2021_01_21_17_06_30_453.jpg, 0, 0, 0.3310008, 0.01104752
C:\Documents\Udemy\CompleteSelfDriving\FinalProject\Data\IMG\IMG\center_2021_01_21_17_06_30_555.jpg, C:\Documents\Udemy\CompleteSelfDriving\FinalProject\Data\IMG\IMG\left_2021_01_21_17_06_30_555.jpg, C:\Documents\Udemy\CompleteSelfDriving\FinalProject\Data\IMG\IMG\right_2021_01_21_17_06_30_555.jpg, 0, 0, 0.6077115, 0.03524745
C:\Documents\Udemy\CompleteSelfDriving\FinalProject\Data\IMG\IMG\center_2021_01_21_17_06_30_656.jpg, C:\Documents\Udemy\CompleteSelfDriving\FinalProject\Data\IMG\IMG\left_2021_01_21_17_06_30_656.jpg, C:\Documents\Udemy\CompleteSelfDriving\FinalProject\Data\IMG\IMG\right_2021_01_21_17_06_30_656.jpg, -0.2841984, 0, 0.9243141, 0.0202493
C:\Documents\Udemy\CompleteSelfDriving\FinalProject\Data\IMG\IMG\center_2021_01_21_17_06_30_767.jpg, C:\Documents\Udemy\CompleteSelfDriving\FinalProject\Data\IMG\IMG\left_2021_01_21_17_06_30_767.jpg, C:\Documents\Udemy\CompleteSelfDriving\FinalProject\Data\IMG\IMG\right_2021_01_21_17_06_30_767.jpg, -0.6376566, 0, 1, 0.1375256
C:\Documents\Udemy\CompleteSelfDriving\FinalProject\Data\IMG\IMG\center_2021_01_21_17_06_30_868.jpg, C:\Documents\Udemy\CompleteSelfDriving\FinalProject\Data\IMG\IMG\left_2021_01_21_17_06_30_868.jpg, C:\Documents\Udemy\CompleteSelfDriving\FinalProject\Data\IMG\IMG\right_2021_01_21_17_06_30_868.jpg, -0.9384788, 0, 1, 0.2005423
C:\Documents\Udemy\CompleteSelfDriving\FinalProject\Data\IMG\IMG\center_2021_01_21_17_06_30_970.jpg, C:\Documents\Udemy\CompleteSelfDriving\FinalProject\Data\IMG\IMG\left_2021_01_21_17_06_30_970.jpg, C:\Documents\Udemy\CompleteSelfDriving\FinalProject\Data\IMG\IMG\right_2021_01_21_17_06_30_970.jpg, -1, 0, 1, 0.3054871
C:\Documents\Udemy\CompleteSelfDriving\FinalProject\Data\IMG\IMG\center_2021_01_21_17_06_31_070.jpg, C:\Documents\Udemy\CompleteSelfDriving\FinalProject\Data\IMG\IMG\left_2021_01_21_17_06_31_070.jpg, C:\Documents\Udemy\CompleteSelfDriving\FinalProject\Data\IMG\IMG\right_2021_01_21_17_06_31_070.jpg, -1, 0, 1, 0.3877277
C:\Documents\Udemy\CompleteSelfDriving\FinalProject\Data\IMG\IMG\center_2021_01_21_17_06_31_171.jpg, C:\Documents\Udemy\CompleteSelfDriving\FinalProject\Data\IMG\IMG\left_2021_01_21_17_06_31_171.jpg, C:\Documents\Udemy\CompleteSelfDriving\FinalProject\Data\IMG\IMG\right_2021_01_21_17_06_31_171.jpg, -1, 0, 1, 0.4948696
C:\Documents\Udemy\CompleteSelfDriving\FinalProject\Data\IMG\IMG\center_2021_01_21_17_06_31_274.jpg, C:\Documents\Udemy\CompleteSelfDriving\FinalProject\Data\IMG\IMG\left_2021_01_21_17_06_31_274.jpg, C:\Documents\Udemy\CompleteSelfDriving\FinalProject\Data\IMG\IMG\right_2021_01_21_17_06_31_274.jpg, -1, 0, 1, 0.7118332
C:\Documents\Udemy\CompleteSelfDriving\FinalProject\Data\IMG\IMG\center_2021_01_21_17_06_31_385.jpg, C:\Documents\Udemy\CompleteSelfDriving\FinalProject\Data\IMG\IMG\left_2021_01_21_17_06_31_385.jpg, C:\Documents\Udemy\CompleteSelfDriving\FinalProject\Data\IMG\IMG\right_2021_01_21_17_06_31_385.jpg, -1, 0, 1, 0.951053
C:\Documents\Udemy\CompleteSelfDriving\FinalProject\Data\IMG\IMG\center_2021_01_21_17_06_31_492.jpg, C:\Documents\Udemy\CompleteSelfDriving\FinalProject\Data\IMG\IMG\left_2021_01_21_17_06_31_492.jpg, C:\Documents\Udemy\CompleteSelfDriving\FinalProject\Data\IMG\IMG\right_2021_01_21_17_06_31_492.jpg, -1, 0, 1, 1.200628
C:\Documents\Udemy\CompleteSelfDriving\FinalProject\Data\IMG\IMG\center_2021_01_21_17_06_31_606.jpg, C:\Documents\Udemy\CompleteSelfDriving\FinalProject\Data\IMG\IMG\left_2021_01_21_17_06_31_606.jpg, C:\Documents\Udemy\CompleteSelfDriving\FinalProject\Data\IMG\IMG\right_2021_01_21_17_06_31_606.jpg, -1, 0, 1, 1.525896
C:\Documents\Udemy\CompleteSelfDriving\FinalProject\Data\IMG\IMG\center_2021_01_21_17_06_31_713.jpg, C:\Documents\Udemy\CompleteSelfDriving\FinalProject\Data\IMG\IMG\left_2021_01_21_17_06_31_713.jpg, C:\Documents\Udemy\CompleteSelfDriving\FinalProject\Data\IMG\IMG\right_2021_01_21_17_06_31_713.jpg, -1, 0, 1, 1.700694
C:\Documents\Udemy\CompleteSelfDriving\FinalProject\Data\IMG\IMG\center_2021_01_21_17_06_31_814.jpg, C:\Documents\Udemy\CompleteSelfDriving\FinalProject\Data\IMG\IMG\left_2021_01_21_17_06_31_814.jpg, C:\Documents\Udemy\CompleteSelfDriving\FinalProject\Data\IMG\IMG\right_2021_01_21_17_06_31_814.jpg, -1, 0, 1, 1.935192
C:\Documents\Udemy\CompleteSelfDriving\FinalProject\Data\IMG\IMG\center_2021_01_21_17_06_31_916.jpg, C:\Documents\Udemy\CompleteSelfDriving\FinalProject\Data\IMG\IMG\left_2021_01_21_17_06_31_916.jpg, C:\Documents\Udemy\CompleteSelfDriving\FinalProject\Data\IMG\IMG\right_2021_01_21_17_06_31_916.jpg, -1, 0, 1, 2.142043
C:\Documents\Udemy\CompleteSelfDriving\FinalProject\Data\IMG\IMG\center_2021_01_21_17_06_32_034.jpg, C:\Documents\Udemy\CompleteSelfDriving\FinalProject\Data\IMG\IMG\left_2021_01_21_17_06_32_034.jpg, C:\Documents\Udemy\CompleteSelfDriving\FinalProject\Data\IMG\IMG\right_2021_01_21_17_06_32_034.jpg, -1, 0, 1, 2.455275
C:\Documents\Udemy\CompleteSelfDriving\FinalProject\Data\IMG\IMG\center_2021_01_21_17_06_32_136.jpg, C:\Documents\Udemy\CompleteSelfDriving\FinalProject\Data\IMG\IMG\left_2021_01_21_17_06_32_136.jpg, C:\Documents\Udemy\CompleteSelfDriving\FinalProject\Data\IMG\IMG\right_2021_01_21_17_06_32_136.jpg, -1, 0, 1, 2.665807
C:\Documents\Udemy\CompleteSelfDriving\FinalProject\Data\IMG\IMG\center_2021_01_21_17_06_32_242.jpg, C:\Documents\Udemy\CompleteSelfDriving\FinalProject\Data\IMG\IMG\left_2021_01_21_17_06_32_242.jpg, C:\Documents\Udemy\CompleteSelfDriving\FinalProject\Data\IMG\IMG\right_2021_01_21_17_06_32_242.jpg, -1, 0, 1, 2.867586
C:\Documents\Udemy\CompleteSelfDriving\FinalProject\Data\IMG\IMG\center_2021_01_21_17_06_32_350.jpg, C:\Documents\Udemy\CompleteSelfDriving\FinalProject\Data\IMG\IMG\left_2021_01_21_17_06_32_350.jpg, C:\Documents\Udemy\CompleteSelfDriving\FinalProject\Data\IMG\IMG\right_2021_01_21_17_06_32_350.jpg, -1, 0, 1, 3.08753
C:\Documents\Udemy\CompleteSelfDriving\FinalProject\Data\IMG\IMG\center_2021_01_21_17_06_32_453.jpg, C:\Documents\Udemy\CompleteSelfDriving\FinalProject\Data\IMG\IMG\left_2021_01_21_17_06_32_453.jpg, C:\Documents\Udemy\CompleteSelfDriving\FinalProject\Data\IMG\IMG\right_2021_01_21_17_06_32_453.jpg, -1, 0, 1, 3.308426
C:\Documents\Udemy\CompleteSelfDriving\FinalProject\Data\IMG\IMG\center_2021_01_21_17_06_32_569.jpg, C:\Documents\Udemy\CompleteSelfDriving\FinalProject\Data\IMG\IMG\left_2021_01_21_17_06_32_569.jpg, C:\Documents\Udemy\CompleteSelfDriving\FinalProject\Data\IMG\IMG\right_2021_01_21_17_06_32_569.jpg, -1, 0, 1, 3.553998
C:\Documents\Udemy\CompleteSelfDriving\FinalProject\Data\IMG\IMG\center_2021_01_21_17_06_32_688.jpg, C:\Documents\Udemy\CompleteSelfDriving\FinalProject\Data\IMG\IMG\left_2021_01_21_17_06_32_688.jpg, C:\Documents\Udemy\CompleteSelfDriving\FinalProject\Data\IMG\IMG\right_2021_01_21_17_06_32_688.jpg, -1, 0, 1, 3.782562
C:\Documents\Udemy\CompleteSelfDriving\FinalProject\Data\IMG\IMG\center_2021_01_21_17_06_32_787.jpg, C:\Documents\Udemy\CompleteSelfDriving\FinalProject\Data\IMG\IMG\left_2021_01_21_17_06_32_787.jpg, C:\Documents\Udemy\CompleteSelfDriving\FinalProject\Data\IMG\IMG\right_2021_01_21_17_06_32_787.jpg, -1, 0, 1, 3.992995
C:\Documents\Udemy\CompleteSelfDriving\FinalProject\Data\IMG\IMG\center_2021_01_21_17_06_32_890.jpg, C:\Documents\Udemy\CompleteSelfDriving\FinalProject\Data\IMG\IMG\left_2021_01_21_17_06_32_890.jpg, C:\Documents\Udemy\CompleteSelfDriving\FinalProject\Data\IMG\IMG\right_2021_01_21_17_06_32_890.jpg, -1, 0, 1, 4.209603
C:\Documents\Udemy\CompleteSelfDriving\FinalProject\Data\IMG\IMG\center_2021_01_21_17_06_32_994.jpg, C:\Documents\Udemy\CompleteSelfDriving\FinalProject\Data\IMG\IMG\left_2021_01_21_17_06_32_994.jpg, C:\Documents\Udemy\CompleteSelfDriving\FinalProject\Data\IMG\IMG\right_2021_01_21_17_06_32_994.jpg, -1, 0, 1, 4.719348
C:\Documents\Udemy\CompleteSelfDriving\FinalProject\Data\IMG\IMG\center_2021_01_21_17_06_33_101.jpg, C:\Documents\Udemy\CompleteSelfDriving\FinalProject\Data\IMG\IMG\left_2021_01_21_17_06_33_101.jpg, C:\Documents\Udemy\CompleteSelfDriving\FinalProject\Data\IMG\IMG\right_2021_01_21_17_06_33_101.jpg, -1, 0, 1, 5.434441
C:\Documents\Udemy\CompleteSelfDriving\FinalProject\Data\IMG\IMG\center_2021_01_21_17_06_33_210.jpg, C:\Documents\Udemy\CompleteSelfDriving\FinalProject\Data\IMG\IMG\left_2021_01_21_17_06_33_210.jpg, C:\Documents\Udemy\CompleteSelfDriving\FinalProject\Data\IMG\IMG\right_2021_01_21_17_06_33_210.jpg, -1, 0, 1, 5.192773
C:\Documents\Udemy\CompleteSelfDriving\FinalProject\Data\IMG\IMG\center_2021_01_21_17_06_33_327.jpg, C:\Documents\Udemy\CompleteSelfDriving\FinalProject\Data\IMG\IMG\left_2021_01_21_17_06_33_327.jpg, C:\Documents\Udemy\CompleteSelfDriving\FinalProject\Data\IMG\IMG\right_2021_01_21_17_06_33_327.jpg, -1, 0, 1, 5.035824
C:\Documents\Udemy\CompleteSelfDriving\FinalProject\Data\IMG\IMG\center_2021_01_21_17_06_33_446.jpg, C:\Documents\Udemy\CompleteSelfDriving\FinalProject\Data\IMG\IMG\left_2021_01_21_17_06_33_446.jpg, C:\Documents\Udemy\CompleteSelfDriving\FinalProject\Data\IMG\IMG\right_2021_01_21_17_06_33_446.jpg, -1, 0, 1, 5.934188
C:\Documents\Udemy\CompleteSelfDriving\FinalProject\Data\IMG\IMG\center_2021_01_21_17_06_33_576.jpg, C:\Documents\Udemy\CompleteSelfDriving\FinalProject\Data\IMG\IMG\left_2021_01_21_17_06_33_576.jpg, C:\Documents\Udemy\CompleteSelfDriving\FinalProject\Data\IMG\IMG\right_2021_01_21_17_06_33_576.jpg, -1, 0, 1, 7.199822
C:\Documents\Udemy\CompleteSelfDriving\FinalProject\Data\IMG\IMG\center_2021_01_21_17_06_33_699.jpg, C:\Documents\Udemy\CompleteSelfDriving\FinalProject\Data\IMG\IMG\left_2021_01_21_17_06_33_699.jpg, C:\Documents\Udemy\CompleteSelfDriving\FinalProject\Data\IMG\IMG\right_2021_01_21_17_06_33_699.jpg, -1, 0, 1, 8.386464
C:\Documents\Udemy\CompleteSelfDriving\FinalProject\Data\IMG\IMG\center_2021_01_21_17_06_33_821.jpg, C:\Documents\Udemy\CompleteSelfDriving\FinalProject\Data\IMG\IMG\left_2021_01_21_17_06_33_821.jpg, C:\Documents\Udemy\CompleteSelfDriving\FinalProject\Data\IMG\IMG\right_2021_01_21_17_06_33_821.jpg, -1, 0, 1, 9.0561
C:\Documents\Udemy\CompleteSelfDriving\FinalProject\Data\IMG\IMG\center_2021_01_21_17_06_33_936.jpg, C:\Documents\Udemy\CompleteSelfDriving\FinalProject\Data\IMG\IMG\left_2021_01_21_17_06_33_936.jpg, C:\Documents\Udemy\CompleteSelfDriving\FinalProject\Data\IMG\IMG\right_2021_01_21_17_06_33_936.jpg, -1, 0, 1, 9.504307
C:\Documents\Udemy\CompleteSelfDriving\FinalProject\Data\IMG\IMG\center_2021_01_21_17_06_34_039.jpg, C:\Documents\Udemy\CompleteSelfDriving\FinalProject\Data\IMG\IMG\left_2021_01_21_17_06_34_039.jpg, C:\Documents\Udemy\CompleteSelfDriving\FinalProject\Data\IMG\IMG\right_2021_01_21_17_06_34_039.jpg, -1, 0, 1, 9.683751
C:\Documents\Udemy\CompleteSelfDriving\FinalProject\Data\IMG\IMG\center_2021_01_21_17_06_34_148.jpg, C:\Documents\Udemy\CompleteSelfDriving\FinalProject\Data\IMG\IMG\left_2021_01_21_17_06_34_148.jpg, C:\Documents\Udemy\CompleteSelfDriving\FinalProject\Data\IMG\IMG\right_2021_01_21_17_06_34_148.jpg, -1, 0, 1, 9.67671
C:\Documents\Udemy\CompleteSelfDriving\FinalProject\Data\IMG\IMG\center_2021_01_21_17_06_34_262.jpg, C:\Documents\Udemy\CompleteSelfDriving\FinalProject\Data\IMG\IMG\left_2021_01_21_17_06_34_262.jpg, C:\Documents\Udemy\CompleteSelfDriving\FinalProject\Data\IMG\IMG\right_2021_01_21_17_06_34_262.jpg, -1, 0, 1, 9.769394
C:\Documents\Udemy\CompleteSelfDriving\FinalProject\Data\IMG\IMG\center_2021_01_21_17_06_34_378.jpg, C:\Documents\Udemy\CompleteSelfDriving\FinalProject\Data\IMG\IMG\left_2021_01_21_17_06_34_378.jpg, C:\Documents\Udemy\CompleteSelfDriving\FinalProject\Data\IMG\IMG\right_2021_01_21_17_06_34_378.jpg, -1, 0, 0.6556243, 9.6275
C:\Documents\Udemy\CompleteSelfDriving\FinalProject\Data\IMG\IMG\center_2021_01_21_17_06_34_478.jpg, C:\Documents\Udemy\CompleteSelfDriving\FinalProject\Data\IMG\IMG\left_2021_01_21_17_06_34_478.jpg, C:\Documents\Udemy\CompleteSelfDriving\FinalProject\Data\IMG\IMG\right_2021_01_21_17_06_34_478.jpg, -1, 0, 0.3860467, 9.428935
C:\Documents\Udemy\CompleteSelfDriving\FinalProject\Data\IMG\IMG\center_2021_01_21_17_06_34_585.jpg, C:\Documents\Udemy\CompleteSelfDriving\FinalProject\Data\IMG\IMG\left_2021_01_21_17_06_34_585.jpg, C:\Documents\Udemy\CompleteSelfDriving\FinalProject\Data\IMG\IMG\right_2021_01_21_17_06_34_585.jpg, -1, 0.3168633, 0, 8.261295
C:\Documents\Udemy\CompleteSelfDriving\FinalProject\Data\IMG\IMG\center_2021_01_21_17_06_34_695.jpg, C:\Documents\Udemy\CompleteSelfDriving\FinalProject\Data\IMG\IMG\left_2021_01_21_17_06_34_695.jpg, C:\Documents\Udemy\CompleteSelfDriving\FinalProject\Data\IMG\IMG\right_2021_01_21_17_06_34_695.jpg, -1, 0.6485904, 0, 6.90588
C:\Documents\Udemy\CompleteSelfDriving\FinalProject\Data\IMG\IMG\center_2021_01_21_17_06_34_817.jpg, C:\Documents\Udemy\CompleteSelfDriving\FinalProject\Data\IMG\IMG\left_2021_01_21_17_06_34_817.jpg, C:\Documents\Udemy\CompleteSelfDriving\FinalProject\Data\IMG\IMG\right_2021_01_21_17_06_34_817.jpg, -1, 1, 0, 5.267777
C:\Documents\Udemy\CompleteSelfDriving\FinalProject\Data\IMG\IMG\center_2021_01_21_17_06_34_938.jpg, C:\Documents\Udemy\CompleteSelfDriving\FinalProject\Data\IMG\IMG\left_2021_01_21_17_06_34_938.jpg, C:\Documents\Udemy\CompleteSelfDriving\FinalProject\Data\IMG\IMG\right_2021_01_21_17_06_34_938.jpg, -1, 1, 0, 3.73532
C:\Documents\Udemy\CompleteSelfDriving\FinalProject\Data\IMG\IMG\center_2021_01_21_17_06_35_052.jpg, C:\Documents\Udemy\CompleteSelfDriving\FinalProject\Data\IMG\IMG\left_2021_01_21_17_06_35_052.jpg, C:\Documents\Udemy\CompleteSelfDriving\FinalProject\Data\IMG\IMG\right_2021_01_21_17_06_35_052.jpg, -1, 1, 0, 2.235825
C:\Documents\Udemy\CompleteSelfDriving\FinalProject\Data\IMG\IMG\center_2021_01_21_17_06_35_152.jpg, C:\Documents\Udemy\CompleteSelfDriving\FinalProject\Data\IMG\IMG\left_2021_01_21_17_06_35_152.jpg, C:\Documents\Udemy\CompleteSelfDriving\FinalProject\Data\IMG\IMG\right_2021_01_21_17_06_35_152.jpg, -1, 1, 0, 1.029981
C:\Documents\Udemy\CompleteSelfDriving\FinalProject\Data\IMG\IMG\center_2021_01_21_17_06_35_268.jpg, C:\Documents\Udemy\CompleteSelfDriving\FinalProject\Data\IMG\IMG\left_2021_01_21_17_06_35_268.jpg, C:\Documents\Udemy\CompleteSelfDriving\FinalProject\Data\IMG\IMG\right_2021_01_21_17_06_35_268.jpg, -1, 1, 0, 0.8025954
C:\Documents\Udemy\CompleteSelfDriving\FinalProject\Data\IMG\IMG\center_2021_01_21_17_06_35_378.jpg, C:\Documents\Udemy\CompleteSelfDriving\FinalProject\Data\IMG\IMG\left_2021_01_21_17_06_35_378.jpg, C:\Documents\Udemy\CompleteSelfDriving\FinalProject\Data\IMG\IMG\right_2021_01_21_17_06_35_378.jpg, -1, 1, 0, 2.120318
C:\Documents\Udemy\CompleteSelfDriving\FinalProject\Data\IMG\IMG\center_2021_01_21_17_06_35_502.jpg, C:\Documents\Udemy\CompleteSelfDriving\FinalProject\Data\IMG\IMG\left_2021_01_21_17_06_35_502.jpg, C:\Documents\Udemy\CompleteSelfDriving\FinalProject\Data\IMG\IMG\right_2021_01_21_17_06_35_502.jpg, -1, 1, 0, 3.554554
C:\Documents\Udemy\CompleteSelfDriving\FinalProject\Data\IMG\IMG\center_2021_01_21_17_06_35_609.jpg, C:\Documents\Udemy\CompleteSelfDriving\FinalProject\Data\IMG\IMG\left_2021_01_21_17_06_35_609.jpg, C:\Documents\Udemy\CompleteSelfDriving\FinalProject\Data\IMG\IMG\right_2021_01_21_17_06_35_609.jpg, -1, 1, 0, 4.984218
C:\Documents\Udemy\CompleteSelfDriving\FinalProject\Data\IMG\IMG\center_2021_01_21_17_06_35_721.jpg, C:\Documents\Udemy\CompleteSelfDriving\FinalProject\Data\IMG\IMG\left_2021_01_21_17_06_35_721.jpg, C:\Documents\Udemy\CompleteSelfDriving\FinalProject\Data\IMG\IMG\right_2021_01_21_17_06_35_721.jpg, -1, 1, 0, 6.159697
C:\Documents\Udemy\CompleteSelfDriving\FinalProject\Data\IMG\IMG\center_2021_01_21_17_06_35_825.jpg, C:\Documents\Udemy\CompleteSelfDriving\FinalProject\Data\IMG\IMG\left_2021_01_21_17_06_35_825.jpg, C:\Documents\Udemy\CompleteSelfDriving\FinalProject\Data\IMG\IMG\right_2021_01_21_17_06_35_825.jpg, -1, 1, 0, 7.905416
C:\Documents\Udemy\CompleteSelfDriving\FinalProject\Data\IMG\IMG\center_2021_01_21_17_06_35_926.jpg, C:\Documents\Udemy\CompleteSelfDriving\FinalProject\Data\IMG\IMG\left_2021_01_21_17_06_35_926.jpg, C:\Documents\Udemy\CompleteSelfDriving\FinalProject\Data\IMG\IMG\right_2021_01_21_17_06_35_926.jpg, -1, 1, 0, 9.102185
C:\Documents\Udemy\CompleteSelfDriving\FinalProject\Data\IMG\IMG\center_2021_01_21_17_06_36_029.jpg, C:\Documents\Udemy\CompleteSelfDriving\FinalProject\Data\IMG\IMG\left_2021_01_21_17_06_36_029.jpg, C:\Documents\Udemy\CompleteSelfDriving\FinalProject\Data\IMG\IMG\right_2021_01_21_17_06_36_029.jpg, -1, 1, 0, 10.26372
C:\Documents\Udemy\CompleteSelfDriving\FinalProject\Data\IMG\IMG\center_2021_01_21_17_06_36_141.jpg, C:\Documents\Udemy\CompleteSelfDriving\FinalProject\Data\IMG\IMG\left_2021_01_21_17_06_36_141.jpg, C:\Documents\Udemy\CompleteSelfDriving\FinalProject\Data\IMG\IMG\right_2021_01_21_17_06_36_141.jpg, -1, 1, 0, 11.55163
C:\Documents\Udemy\CompleteSelfDriving\FinalProject\Data\IMG\IMG\center_2021_01_21_17_06_36_245.jpg, C:\Documents\Udemy\CompleteSelfDriving\FinalProject\Data\IMG\IMG\left_2021_01_21_17_06_36_245.jpg, C:\Documents\Udemy\CompleteSelfDriving\FinalProject\Data\IMG\IMG\right_2021_01_21_17_06_36_245.jpg, -1, 1, 0, 12.86296
C:\Documents\Udemy\CompleteSelfDriving\FinalProject\Data\IMG\IMG\center_2021_01_21_17_06_36_347.jpg, C:\Documents\Udemy\CompleteSelfDriving\FinalProject\Data\IMG\IMG\left_2021_01_21_17_06_36_347.jpg, C:\Documents\Udemy\CompleteSelfDriving\FinalProject\Data\IMG\IMG\right_2021_01_21_17_06_36_347.jpg, -1, 1, 0, 13.7148
C:\Documents\Udemy\CompleteSelfDriving\FinalProject\Data\IMG\IMG\center_2021_01_21_17_06_36_450.jpg, C:\Documents\Udemy\CompleteSelfDriving\FinalProject\Data\IMG\IMG\left_2021_01_21_17_06_36_450.jpg, C:\Documents\Udemy\CompleteSelfDriving\FinalProject\Data\IMG\IMG\right_2021_01_21_17_06_36_450.jpg, -1, 1, 0, 14.4479
C:\Documents\Udemy\CompleteSelfDriving\FinalProject\Data\IMG\IMG\center_2021_01_21_17_06_36_554.jpg, C:\Documents\Udemy\CompleteSelfDriving\FinalProject\Data\IMG\IMG\left_2021_01_21_17_06_36_554.jpg, C:\Documents\Udemy\CompleteSelfDriving\FinalProject\Data\IMG\IMG\right_2021_01_21_17_06_36_554.jpg, -1, 1, 0, 15.78112
C:\Documents\Udemy\CompleteSelfDriving\FinalProject\Data\IMG\IMG\center_2021_01_21_17_06_36_662.jpg, C:\Documents\Udemy\CompleteSelfDriving\FinalProject\Data\IMG\IMG\left_2021_01_21_17_06_36_662.jpg, C:\Documents\Udemy\CompleteSelfDriving\FinalProject\Data\IMG\IMG\right_2021_01_21_17_06_36_662.jpg, -1, 1, 0, 15.06488
C:\Documents\Udemy\CompleteSelfDriving\FinalProject\Data\IMG\IMG\center_2021_01_21_17_06_36_767.jpg, C:\Documents\Udemy\CompleteSelfDriving\FinalProject\Data\IMG\IMG\left_2021_01_21_17_06_36_767.jpg, C:\Documents\Udemy\CompleteSelfDriving\FinalProject\Data\IMG\IMG\right_2021_01_21_17_06_36_767.jpg, -1, 1, 0, 13.63509
C:\Documents\Udemy\CompleteSelfDriving\FinalProject\Data\IMG\IMG\center_2021_01_21_17_06_36_873.jpg, C:\Documents\Udemy\CompleteSelfDriving\FinalProject\Data\IMG\IMG\left_2021_01_21_17_06_36_873.jpg, C:\Documents\Udemy\CompleteSelfDriving\FinalProject\Data\IMG\IMG\right_2021_01_21_17_06_36_873.jpg, -1, 1, 0, 12.77322
C:\Documents\Udemy\CompleteSelfDriving\FinalProject\Data\IMG\IMG\center_2021_01_21_17_06_36_973.jpg, C:\Documents\Udemy\CompleteSelfDriving\FinalProject\Data\IMG\IMG\left_2021_01_21_17_06_36_973.jpg, C:\Documents\Udemy\CompleteSelfDriving\FinalProject\Data\IMG\IMG\right_2021_01_21_17_06_36_973.jpg, -1, 1, 0, 12.21409
C:\Documents\Udemy\CompleteSelfDriving\FinalProject\Data\IMG\IMG\center_2021_01_21_17_06_37_075.jpg, C:\Documents\Udemy\CompleteSelfDriving\FinalProject\Data\IMG\IMG\left_2021_01_21_17_06_37_075.jpg, C:\Documents\Udemy\CompleteSelfDriving\FinalProject\Data\IMG\IMG\right_2021_01_21_17_06_37_075.jpg, -1, 1, 0, 11.60103
C:\Documents\Udemy\CompleteSelfDriving\FinalProject\Data\IMG\IMG\center_2021_01_21_17_06_37_181.jpg, C:\Documents\Udemy\CompleteSelfDriving\FinalProject\Data\IMG\IMG\left_2021_01_21_17_06_37_181.jpg, C:\Documents\Udemy\CompleteSelfDriving\FinalProject\Data\IMG\IMG\right_2021_01_21_17_06_37_181.jpg, -1, 1, 0, 11.78061
C:\Documents\Udemy\CompleteSelfDriving\FinalProject\Data\IMG\IMG\center_2021_01_21_17_06_37_286.jpg, C:\Documents\Udemy\CompleteSelfDriving\FinalProject\Data\IMG\IMG\left_2021_01_21_17_06_37_286.jpg, C:\Documents\Udemy\CompleteSelfDriving\FinalProject\Data\IMG\IMG\right_2021_01_21_17_06_37_286.jpg, -1, 1, 0, 10.68847
C:\Documents\Udemy\CompleteSelfDriving\FinalProject\Data\IMG\IMG\center_2021_01_21_17_06_37_390.jpg, C:\Documents\Udemy\CompleteSelfDriving\FinalProject\Data\IMG\IMG\left_2021_01_21_17_06_37_390.jpg, C:\Documents\Udemy\CompleteSelfDriving\FinalProject\Data\IMG\IMG\right_2021_01_21_17_06_37_390.jpg, -1, 1, 0, 10.30543
C:\Documents\Udemy\CompleteSelfDriving\FinalProject\Data\IMG\IMG\center_2021_01_21_17_06_37_492.jpg, C:\Documents\Udemy\CompleteSelfDriving\FinalProject\Data\IMG\IMG\left_2021_01_21_17_06_37_492.jpg, C:\Documents\Udemy\CompleteSelfDriving\FinalProject\Data\IMG\IMG\right_2021_01_21_17_06_37_492.jpg, -1, 1, 0, 9.815602
C:\Documents\Udemy\CompleteSelfDriving\FinalProject\Data\IMG\IMG\center_2021_01_21_17_06_37_592.jpg, C:\Documents\Udemy\CompleteSelfDriving\FinalProject\Data\IMG\IMG\left_2021_01_21_17_06_37_592.jpg, C:\Documents\Udemy\CompleteSelfDriving\FinalProject\Data\IMG\IMG\right_2021_01_21_17_06_37_592.jpg, -1, 1, 0, 8.419518
C:\Documents\Udemy\CompleteSelfDriving\FinalProject\Data\IMG\IMG\center_2021_01_21_17_06_37_694.jpg, C:\Documents\Udemy\CompleteSelfDriving\FinalProject\Data\IMG\IMG\left_2021_01_21_17_06_37_694.jpg, C:\Documents\Udemy\CompleteSelfDriving\FinalProject\Data\IMG\IMG\right_2021_01_21_17_06_37_694.jpg, -1, 1, 0, 7.704377
C:\Documents\Udemy\CompleteSelfDriving\FinalProject\Data\IMG\IMG\center_2021_01_21_17_06_37_797.jpg, C:\Documents\Udemy\CompleteSelfDriving\FinalProject\Data\IMG\IMG\left_2021_01_21_17_06_37_797.jpg, C:\Documents\Udemy\CompleteSelfDriving\FinalProject\Data\IMG\IMG\right_2021_01_21_17_06_37_797.jpg, -1, 1, 0, 7.666458
C:\Documents\Udemy\CompleteSelfDriving\FinalProject\Data\IMG\IMG\center_2021_01_21_17_06_37_904.jpg, C:\Documents\Udemy\CompleteSelfDriving\FinalProject\Data\IMG\IMG\left_2021_01_21_17_06_37_904.jpg, C:\Documents\Udemy\CompleteSelfDriving\FinalProject\Data\IMG\IMG\right_2021_01_21_17_06_37_904.jpg, -1, 1, 0, 4.677932
C:\Documents\Udemy\CompleteSelfDriving\FinalProject\Data\IMG\IMG\center_2021_01_21_17_06_38_009.jpg, C:\Documents\Udemy\CompleteSelfDriving\FinalProject\Data\IMG\IMG\left_2021_01_21_17_06_38_009.jpg, C:\Documents\Udemy\CompleteSelfDriving\FinalProject\Data\IMG\IMG\right_2021_01_21_17_06_38_009.jpg, -1, 1, 0, 3.432948
C:\Documents\Udemy\CompleteSelfDriving\FinalProject\Data\IMG\IMG\center_2021_01_21_17_06_38_115.jpg, C:\Documents\Udemy\CompleteSelfDriving\FinalProject\Data\IMG\IMG\left_2021_01_21_17_06_38_115.jpg, C:\Documents\Udemy\CompleteSelfDriving\FinalProject\Data\IMG\IMG\right_2021_01_21_17_06_38_115.jpg, -1, 1, 0, 2.875595
C:\Documents\Udemy\CompleteSelfDriving\FinalProject\Data\IMG\IMG\center_2021_01_21_17_06_38_219.jpg, C:\Documents\Udemy\CompleteSelfDriving\FinalProject\Data\IMG\IMG\left_2021_01_21_17_06_38_219.jpg, C:\Documents\Udemy\CompleteSelfDriving\FinalProject\Data\IMG\IMG\right_2021_01_21_17_06_38_219.jpg, -1, 1, 0, 1.50344
C:\Documents\Udemy\CompleteSelfDriving\FinalProject\Data\IMG\IMG\center_2021_01_21_17_06_38_324.jpg, C:\Documents\Udemy\CompleteSelfDriving\FinalProject\Data\IMG\IMG\left_2021_01_21_17_06_38_324.jpg, C:\Documents\Udemy\CompleteSelfDriving\FinalProject\Data\IMG\IMG\right_2021_01_21_17_06_38_324.jpg, -1, 1, 0, 0.9822487
C:\Documents\Udemy\CompleteSelfDriving\FinalProject\Data\IMG\IMG\center_2021_01_21_17_06_38_430.jpg, C:\Documents\Udemy\CompleteSelfDriving\FinalProject\Data\IMG\IMG\left_2021_01_21_17_06_38_430.jpg, C:\Documents\Udemy\CompleteSelfDriving\FinalProject\Data\IMG\IMG\right_2021_01_21_17_06_38_430.jpg, -1, 1, 0, 1.031293
C:\Documents\Udemy\CompleteSelfDriving\FinalProject\Data\IMG\IMG\center_2021_01_21_17_06_38_536.jpg, C:\Documents\Udemy\CompleteSelfDriving\FinalProject\Data\IMG\IMG\left_2021_01_21_17_06_38_536.jpg, C:\Documents\Udemy\CompleteSelfDriving\FinalProject\Data\IMG\IMG\right_2021_01_21_17_06_38_536.jpg, -1, 1, 0, 0.9811875
C:\Documents\Udemy\CompleteSelfDriving\FinalProject\Data\IMG\IMG\center_2021_01_21_17_06_38_641.jpg, C:\Documents\Udemy\CompleteSelfDriving\FinalProject\Data\IMG\IMG\left_2021_01_21_17_06_38_641.jpg, C:\Documents\Udemy\CompleteSelfDriving\FinalProject\Data\IMG\IMG\right_2021_01_21_17_06_38_641.jpg, -1, 1, 0, 0.9319931
C:\Documents\Udemy\CompleteSelfDriving\FinalProject\Data\IMG\IMG\center_2021_01_21_17_06_38_742.jpg, C:\Documents\Udemy\CompleteSelfDriving\FinalProject\Data\IMG\IMG\left_2021_01_21_17_06_38_742.jpg, C:\Documents\Udemy\CompleteSelfDriving\FinalProject\Data\IMG\IMG\right_2021_01_21_17_06_38_742.jpg, -1, 1, 0, 1.389591
C:\Documents\Udemy\CompleteSelfDriving\FinalProject\Data\IMG\IMG\center_2021_01_21_17_06_38_849.jpg, C:\Documents\Udemy\CompleteSelfDriving\FinalProject\Data\IMG\IMG\left_2021_01_21_17_06_38_849.jpg, C:\Documents\Udemy\CompleteSelfDriving\FinalProject\Data\IMG\IMG\right_2021_01_21_17_06_38_849.jpg, -1, 1, 0, 1.859341
C:\Documents\Udemy\CompleteSelfDriving\FinalProject\Data\IMG\IMG\center_2021_01_21_17_06_38_955.jpg, C:\Documents\Udemy\CompleteSelfDriving\FinalProject\Data\IMG\IMG\left_2021_01_21_17_06_38_955.jpg, C:\Documents\Udemy\CompleteSelfDriving\FinalProject\Data\IMG\IMG\right_2021_01_21_17_06_38_955.jpg, -1, 1, 0, 2.431035
C:\Documents\Udemy\CompleteSelfDriving\FinalProject\Data\IMG\IMG\center_2021_01_21_17_06_39_055.jpg, C:\Documents\Udemy\CompleteSelfDriving\FinalProject\Data\IMG\IMG\left_2021_01_21_17_06_39_055.jpg, C:\Documents\Udemy\CompleteSelfDriving\FinalProject\Data\IMG\IMG\right_2021_01_21_17_06_39_055.jpg, -1, 1, 0, 2.772105
C:\Documents\Udemy\CompleteSelfDriving\FinalProject\Data\IMG\IMG\center_2021_01_21_17_06_39_161.jpg, C:\Documents\Udemy\CompleteSelfDriving\FinalProject\Data\IMG\IMG\left_2021_01_21_17_06_39_161.jpg, C:\Documents\Udemy\CompleteSelfDriving\FinalProject\Data\IMG\IMG\right_2021_01_21_17_06_39_161.jpg, -1, 1, 0, 2.895457
C:\Documents\Udemy\CompleteSelfDriving\FinalProject\Data\IMG\IMG\center_2021_01_21_17_06_39_262.jpg, C:\Documents\Udemy\CompleteSelfDriving\FinalProject\Data\IMG\IMG\left_2021_01_21_17_06_39_262.jpg, C:\Documents\Udemy\CompleteSelfDriving\FinalProject\Data\IMG\IMG\right_2021_01_21_17_06_39_262.jpg, -1, 1, 0, 3.788453
C:\Documents\Udemy\CompleteSelfDriving\FinalProject\Data\IMG\IMG\center_2021_01_21_17_06_39_367.jpg, C:\Documents\Udemy\CompleteSelfDriving\FinalProject\Data\IMG\IMG\left_2021_01_21_17_06_39_367.jpg, C:\Documents\Udemy\CompleteSelfDriving\FinalProject\Data\IMG\IMG\right_2021_01_21_17_06_39_367.jpg, -1, 1, 0, 4.017157
C:\Documents\Udemy\CompleteSelfDriving\FinalProject\Data\IMG\IMG\center_2021_01_21_17_06_39_473.jpg, C:\Documents\Udemy\CompleteSelfDriving\FinalProject\Data\IMG\IMG\left_2021_01_21_17_06_39_473.jpg, C:\Documents\Udemy\CompleteSelfDriving\FinalProject\Data\IMG\IMG\right_2021_01_21_17_06_39_473.jpg, -1, 1, 0, 4.185464
C:\Documents\Udemy\CompleteSelfDriving\FinalProject\Data\IMG\IMG\center_2021_01_21_17_06_39_578.jpg, C:\Documents\Udemy\CompleteSelfDriving\FinalProject\Data\IMG\IMG\left_2021_01_21_17_06_39_578.jpg, C:\Documents\Udemy\CompleteSelfDriving\FinalProject\Data\IMG\IMG\right_2021_01_21_17_06_39_578.jpg, -1, 1, 0, 2.35967
C:\Documents\Udemy\CompleteSelfDriving\FinalProject\Data\IMG\IMG\center_2021_01_21_17_06_39_682.jpg, C:\Documents\Udemy\CompleteSelfDriving\FinalProject\Data\IMG\IMG\left_2021_01_21_17_06_39_682.jpg, C:\Documents\Udemy\CompleteSelfDriving\FinalProject\Data\IMG\IMG\right_2021_01_21_17_06_39_682.jpg, -1, 1, 0, 0.125391
C:\Documents\Udemy\CompleteSelfDriving\FinalProject\Data\IMG\IMG\center_2021_01_21_17_06_39_786.jpg, C:\Documents\Udemy\CompleteSelfDriving\FinalProject\Data\IMG\IMG\left_2021_01_21_17_06_39_786.jpg, C:\Documents\Udemy\CompleteSelfDriving\FinalProject\Data\IMG\IMG\right_2021_01_21_17_06_39_786.jpg, -1, 1, 0, 0.05376033
C:\Documents\Udemy\CompleteSelfDriving\FinalProject\Data\IMG\IMG\center_2021_01_21_17_06_39_889.jpg, C:\Documents\Udemy\CompleteSelfDriving\FinalProject\Data\IMG\IMG\left_2021_01_21_17_06_39_889.jpg, C:\Documents\Udemy\CompleteSelfDriving\FinalProject\Data\IMG\IMG\right_2021_01_21_17_06_39_889.jpg, -1, 1, 0, 0.05134387
C:\Documents\Udemy\CompleteSelfDriving\FinalProject\Data\IMG\IMG\center_2021_01_21_17_06_39_995.jpg, C:\Documents\Udemy\CompleteSelfDriving\FinalProject\Data\IMG\IMG\left_2021_01_21_17_06_39_995.jpg, C:\Documents\Udemy\CompleteSelfDriving\FinalProject\Data\IMG\IMG\right_2021_01_21_17_06_39_995.jpg, -1, 1, 0, 0.02766603
C:\Documents\Udemy\CompleteSelfDriving\FinalProject\Data\IMG\IMG\center_2021_01_21_17_06_40_104.jpg, C:\Documents\Udemy\CompleteSelfDriving\FinalProject\Data\IMG\IMG\left_2021_01_21_17_06_40_104.jpg, C:\Documents\Udemy\CompleteSelfDriving\FinalProject\Data\IMG\IMG\right_2021_01_21_17_06_40_104.jpg, -1, 1, 0, 0.01388874
C:\Documents\Udemy\CompleteSelfDriving\FinalProject\Data\IMG\IMG\center_2021_01_21_17_06_40_204.jpg, C:\Documents\Udemy\CompleteSelfDriving\FinalProject\Data\IMG\IMG\left_2021_01_21_17_06_40_204.jpg, C:\Documents\Udemy\CompleteSelfDriving\FinalProject\Data\IMG\IMG\right_2021_01_21_17_06_40_204.jpg, -1, 1, 0, 0.001394942
C:\Documents\Udemy\CompleteSelfDriving\FinalProject\Data\IMG\IMG\center_2021_01_21_17_06_40_313.jpg, C:\Documents\Udemy\CompleteSelfDriving\FinalProject\Data\IMG\IMG\left_2021_01_21_17_06_40_313.jpg, C:\Documents\Udemy\CompleteSelfDriving\FinalProject\Data\IMG\IMG\right_2021_01_21_17_06_40_313.jpg, -1, 1, 0, 0.005995032
C:\Documents\Udemy\CompleteSelfDriving\FinalProject\Data\IMG\IMG\center_2021_01_21_17_06_40_425.jpg, C:\Documents\Udemy\CompleteSelfDriving\FinalProject\Data\IMG\IMG\left_2021_01_21_17_06_40_425.jpg, C:\Documents\Udemy\CompleteSelfDriving\FinalProject\Data\IMG\IMG\right_2021_01_21_17_06_40_425.jpg, -1, 1, 0, 0.005879304
C:\Documents\Udemy\CompleteSelfDriving\FinalProject\Data\IMG\IMG\center_2021_01_21_17_06_40_527.jpg, C:\Documents\Udemy\CompleteSelfDriving\FinalProject\Data\IMG\IMG\left_2021_01_21_17_06_40_527.jpg, C:\Documents\Udemy\CompleteSelfDriving\FinalProject\Data\IMG\IMG\right_2021_01_21_17_06_40_527.jpg, -1, 1, 0, 0.002494892
C:\Documents\Udemy\CompleteSelfDriving\FinalProject\Data\IMG\IMG\center_2021_01_21_17_06_40_629.jpg, C:\Documents\Udemy\CompleteSelfDriving\FinalProject\Data\IMG\IMG\left_2021_01_21_17_06_40_629.jpg, C:\Documents\Udemy\CompleteSelfDriving\FinalProject\Data\IMG\IMG\right_2021_01_21_17_06_40_629.jpg, -1, 1, 0, 0.001861509
C:\Documents\Udemy\CompleteSelfDriving\FinalProject\Data\IMG\IMG\center_2021_01_21_17_06_40_736.jpg, C:\Documents\Udemy\CompleteSelfDriving\FinalProject\Data\IMG\IMG\left_2021_01_21_17_06_40_736.jpg, C:\Documents\Udemy\CompleteSelfDriving\FinalProject\Data\IMG\IMG\right_2021_01_21_17_06_40_736.jpg, -0.679157, 1, 0, 0.001608559
C:\Documents\Udemy\CompleteSelfDriving\FinalProject\Data\IMG\IMG\center_2021_01_21_17_06_40_836.jpg, C:\Documents\Udemy\CompleteSelfDriving\FinalProject\Data\IMG\IMG\left_2021_01_21_17_06_40_836.jpg, C:\Documents\Udemy\CompleteSelfDriving\FinalProject\Data\IMG\IMG\right_2021_01_21_17_06_40_836.jpg, -0.4094501, 0.7302931, 0, 0.001155624
C:\Documents\Udemy\CompleteSelfDriving\FinalProject\Data\IMG\IMG\center_2021_01_21_17_06_40_941.jpg, C:\Documents\Udemy\CompleteSelfDriving\FinalProject\Data\IMG\IMG\left_2021_01_21_17_06_40_941.jpg, C:\Documents\Udemy\CompleteSelfDriving\FinalProject\Data\IMG\IMG\right_2021_01_21_17_06_40_941.jpg, -0.6500301, 0.4226662, 0, 0.0002007809
C:\Documents\Udemy\CompleteSelfDriving\FinalProject\Data\IMG\IMG\center_2021_01_21_17_06_41_044.jpg, C:\Documents\Udemy\CompleteSelfDriving\FinalProject\Data\IMG\IMG\left_2021_01_21_17_06_41_044.jpg, C:\Documents\Udemy\CompleteSelfDriving\FinalProject\Data\IMG\IMG\right_2021_01_21_17_06_41_044.jpg, -1, 0, 0.0233496, 0.0004958644
C:\Documents\Udemy\CompleteSelfDriving\FinalProject\Data\IMG\IMG\center_2021_01_21_17_06_41_153.jpg, C:\Documents\Udemy\CompleteSelfDriving\FinalProject\Data\IMG\IMG\left_2021_01_21_17_06_41_153.jpg, C:\Documents\Udemy\CompleteSelfDriving\FinalProject\Data\IMG\IMG\right_2021_01_21_17_06_41_153.jpg, -1, 0, 0.3470214, 0.0002730044
C:\Documents\Udemy\CompleteSelfDriving\FinalProject\Data\IMG\IMG\center_2021_01_21_17_06_41_256.jpg, C:\Documents\Udemy\CompleteSelfDriving\FinalProject\Data\IMG\IMG\left_2021_01_21_17_06_41_256.jpg, C:\Documents\Udemy\CompleteSelfDriving\FinalProject\Data\IMG\IMG\right_2021_01_21_17_06_41_256.jpg, -1, 0, 0.6215097, 0.0003342784
C:\Documents\Udemy\CompleteSelfDriving\FinalProject\Data\IMG\IMG\center_2021_01_21_17_06_41_360.jpg, C:\Documents\Udemy\CompleteSelfDriving\FinalProject\Data\IMG\IMG\left_2021_01_21_17_06_41_360.jpg, C:\Documents\Udemy\CompleteSelfDriving\FinalProject\Data\IMG\IMG\right_2021_01_21_17_06_41_360.jpg, -1, 0, 0.9344283, 5.836021E-05
C:\Documents\Udemy\CompleteSelfDriving\FinalProject\Data\IMG\IMG\center_2021_01_21_17_06_41_463.jpg, C:\Documents\Udemy\CompleteSelfDriving\FinalProject\Data\IMG\IMG\left_2021_01_21_17_06_41_463.jpg, C:\Documents\Udemy\CompleteSelfDriving\FinalProject\Data\IMG\IMG\right_2021_01_21_17_06_41_463.jpg, -1, 0, 1, 0.0002205983
C:\Documents\Udemy\CompleteSelfDriving\FinalProject\Data\IMG\IMG\center_2021_01_21_17_06_41_565.jpg, C:\Documents\Udemy\CompleteSelfDriving\FinalProject\Data\IMG\IMG\left_2021_01_21_17_06_41_565.jpg, C:\Documents\Udemy\CompleteSelfDriving\FinalProject\Data\IMG\IMG\right_2021_01_21_17_06_41_565.jpg, -1, 0, 1, 0.0007269831
C:\Documents\Udemy\CompleteSelfDriving\FinalProject\Data\IMG\IMG\center_2021_01_21_17_06_41_677.jpg, C:\Documents\Udemy\CompleteSelfDriving\FinalProject\Data\IMG\IMG\left_2021_01_21_17_06_41_677.jpg, C:\Documents\Udemy\CompleteSelfDriving\FinalProject\Data\IMG\IMG\right_2021_01_21_17_06_41_677.jpg, -1, 0, 1, 0.001139467
C:\Documents\Udemy\CompleteSelfDriving\FinalProject\Data\IMG\IMG\center_2021_01_21_17_06_41_778.jpg, C:\Documents\Udemy\CompleteSelfDriving\FinalProject\Data\IMG\IMG\left_2021_01_21_17_06_41_778.jpg, C:\Documents\Udemy\CompleteSelfDriving\FinalProject\Data\IMG\IMG\right_2021_01_21_17_06_41_778.jpg, -1, 0, 1, 0.0003206661
C:\Documents\Udemy\CompleteSelfDriving\FinalProject\Data\IMG\IMG\center_2021_01_21_17_06_41_888.jpg, C:\Documents\Udemy\CompleteSelfDriving\FinalProject\Data\IMG\IMG\left_2021_01_21_17_06_41_888.jpg, C:\Documents\Udemy\CompleteSelfDriving\FinalProject\Data\IMG\IMG\right_2021_01_21_17_06_41_888.jpg, -1, 0, 1, 1.935353E-05
C:\Documents\Udemy\CompleteSelfDriving\FinalProject\Data\IMG\IMG\center_2021_01_21_17_06_41_997.jpg, C:\Documents\Udemy\CompleteSelfDriving\FinalProject\Data\IMG\IMG\left_2021_01_21_17_06_41_997.jpg, C:\Documents\Udemy\CompleteSelfDriving\FinalProject\Data\IMG\IMG\right_2021_01_21_17_06_41_997.jpg, -1, 0, 1, 0.0008346517
C:\Documents\Udemy\CompleteSelfDriving\FinalProject\Data\IMG\IMG\center_2021_01_21_17_06_42_100.jpg, C:\Documents\Udemy\CompleteSelfDriving\FinalProject\Data\IMG\IMG\left_2021_01_21_17_06_42_100.jpg, C:\Documents\Udemy\CompleteSelfDriving\FinalProject\Data\IMG\IMG\right_2021_01_21_17_06_42_100.jpg, -1, 0, 1, 0.0008508774
C:\Documents\Udemy\CompleteSelfDriving\FinalProject\Data\IMG\IMG\center_2021_01_21_17_06_42_203.jpg, C:\Documents\Udemy\CompleteSelfDriving\FinalProject\Data\IMG\IMG\left_2021_01_21_17_06_42_203.jpg, C:\Documents\Udemy\CompleteSelfDriving\FinalProject\Data\IMG\IMG\right_2021_01_21_17_06_42_203.jpg, -0.6890067, 0, 0.6890067, 0.001512982
C:\Documents\Udemy\CompleteSelfDriving\FinalProject\Data\IMG\IMG\center_2021_01_21_17_06_42_310.jpg, C:\Documents\Udemy\CompleteSelfDriving\FinalProject\Data\IMG\IMG\left_2021_01_21_17_06_42_310.jpg, C:\Documents\Udemy\CompleteSelfDriving\FinalProject\Data\IMG\IMG\right_2021_01_21_17_06_42_310.jpg, -1, 0, 0.370831, 0.0006424302
C:\Documents\Udemy\CompleteSelfDriving\FinalProject\Data\IMG\IMG\center_2021_01_21_17_06_42_419.jpg, C:\Documents\Udemy\CompleteSelfDriving\FinalProject\Data\IMG\IMG\left_2021_01_21_17_06_42_419.jpg, C:\Documents\Udemy\CompleteSelfDriving\FinalProject\Data\IMG\IMG\right_2021_01_21_17_06_42_419.jpg, -1, 0, 0.08787575, 0.0008668602
C:\Documents\Udemy\CompleteSelfDriving\FinalProject\Data\IMG\IMG\center_2021_01_21_17_06_42_522.jpg, C:\Documents\Udemy\CompleteSelfDriving\FinalProject\Data\IMG\IMG\left_2021_01_21_17_06_42_522.jpg, C:\Documents\Udemy\CompleteSelfDriving\FinalProject\Data\IMG\IMG\right_2021_01_21_17_06_42_522.jpg, -0.7228649, 0, 0, 0.0004275784
C:\Documents\Udemy\CompleteSelfDriving\FinalProject\Data\IMG\IMG\center_2021_01_21_17_06_42_623.jpg, C:\Documents\Udemy\CompleteSelfDriving\FinalProject\Data\IMG\IMG\left_2021_01_21_17_06_42_623.jpg, C:\Documents\Udemy\CompleteSelfDriving\FinalProject\Data\IMG\IMG\right_2021_01_21_17_06_42_623.jpg, -0.4396301, 0, 0, 0.0002642919
C:\Documents\Udemy\CompleteSelfDriving\FinalProject\Data\IMG\IMG\center_2021_01_21_17_06_42_728.jpg, C:\Documents\Udemy\CompleteSelfDriving\FinalProject\Data\IMG\IMG\left_2021_01_21_17_06_42_728.jpg, C:\Documents\Udemy\CompleteSelfDriving\FinalProject\Data\IMG\IMG\right_2021_01_21_17_06_42_728.jpg, -0.07115388, 0, 0, 0.0008956208
C:\Documents\Udemy\CompleteSelfDriving\FinalProject\Data\IMG\IMG\center_2021_01_21_17_06_42_831.jpg, C:\Documents\Udemy\CompleteSelfDriving\FinalProject\Data\IMG\IMG\left_2021_01_21_17_06_42_831.jpg, C:\Documents\Udemy\CompleteSelfDriving\FinalProject\Data\IMG\IMG\right_2021_01_21_17_06_42_831.jpg, 0, 0, 0, 0.001155328
C:\Documents\Udemy\CompleteSelfDriving\FinalProject\Data\IMG\IMG\center_2021_01_21_17_06_42_938.jpg, C:\Documents\Udemy\CompleteSelfDriving\FinalProject\Data\IMG\IMG\left_2021_01_21_17_06_42_938.jpg, C:\Documents\Udemy\CompleteSelfDriving\FinalProject\Data\IMG\IMG\right_2021_01_21_17_06_42_938.jpg, 0, 0, 0, 0.0007214078
C:\Documents\Udemy\CompleteSelfDriving\FinalProject\Data\IMG\IMG\center_2021_01_21_17_06_43_040.jpg, C:\Documents\Udemy\CompleteSelfDriving\FinalProject\Data\IMG\IMG\left_2021_01_21_17_06_43_040.jpg, C:\Documents\Udemy\CompleteSelfDriving\FinalProject\Data\IMG\IMG\right_2021_01_21_17_06_43_040.jpg, 0, 0, 0, 0.0007425146
C:\Documents\Udemy\CompleteSelfDriving\FinalProject\Data\IMG\IMG\center_2021_01_21_17_06_43_143.jpg, C:\Documents\Udemy\CompleteSelfDriving\FinalProject\Data\IMG\IMG\left_2021_01_21_17_06_43_143.jpg, C:\Documents\Udemy\CompleteSelfDriving\FinalProject\Data\IMG\IMG\right_2021_01_21_17_06_43_143.jpg, 0, 0, 0, 0.0009749709
C:\Documents\Udemy\CompleteSelfDriving\FinalProject\Data\IMG\IMG\center_2021_01_21_17_06_43_251.jpg, C:\Documents\Udemy\CompleteSelfDriving\FinalProject\Data\IMG\IMG\left_2021_01_21_17_06_43_251.jpg, C:\Documents\Udemy\CompleteSelfDriving\FinalProject\Data\IMG\IMG\right_2021_01_21_17_06_43_251.jpg, 0, 0, 0, 0.001372649
C:\Documents\Udemy\CompleteSelfDriving\FinalProject\Data\IMG\IMG\center_2021_01_21_17_06_43_354.jpg, C:\Documents\Udemy\CompleteSelfDriving\FinalProject\Data\IMG\IMG\left_2021_01_21_17_06_43_354.jpg, C:\Documents\Udemy\CompleteSelfDriving\FinalProject\Data\IMG\IMG\right_2021_01_21_17_06_43_354.jpg, 0, 0, 0, 0.001317886
C:\Documents\Udemy\CompleteSelfDriving\FinalProject\Data\IMG\IMG\center_2021_01_21_17_06_43_454.jpg, C:\Documents\Udemy\CompleteSelfDriving\FinalProject\Data\IMG\IMG\left_2021_01_21_17_06_43_454.jpg, C:\Documents\Udemy\CompleteSelfDriving\FinalProject\Data\IMG\IMG\right_2021_01_21_17_06_43_454.jpg, 0, 0, 0, 0.001401004
C:\Documents\Udemy\CompleteSelfDriving\FinalProject\Data\IMG\IMG\center_2021_01_21_17_06_43_558.jpg, C:\Documents\Udemy\CompleteSelfDriving\FinalProject\Data\IMG\IMG\left_2021_01_21_17_06_43_558.jpg, C:\Documents\Udemy\CompleteSelfDriving\FinalProject\Data\IMG\IMG\right_2021_01_21_17_06_43_558.jpg, 0, 0, 0, 0.001404769
C:\Documents\Udemy\CompleteSelfDriving\FinalProject\Data\IMG\IMG\center_2021_01_21_17_06_43_666.jpg, C:\Documents\Udemy\CompleteSelfDriving\FinalProject\Data\IMG\IMG\left_2021_01_21_17_06_43_666.jpg, C:\Documents\Udemy\CompleteSelfDriving\FinalProject\Data\IMG\IMG\right_2021_01_21_17_06_43_666.jpg, 0, 0, 0, 0.00158746
C:\Documents\Udemy\CompleteSelfDriving\FinalProject\Data\IMG\IMG\center_2021_01_21_17_06_43_775.jpg, C:\Documents\Udemy\CompleteSelfDriving\FinalProject\Data\IMG\IMG\left_2021_01_21_17_06_43_775.jpg, C:\Documents\Udemy\CompleteSelfDriving\FinalProject\Data\IMG\IMG\right_2021_01_21_17_06_43_775.jpg, 0, 0, 0, 0.001559569
C:\Documents\Udemy\CompleteSelfDriving\FinalProject\Data\IMG\IMG\center_2021_01_21_17_06_43_881.jpg, C:\Documents\Udemy\CompleteSelfDriving\FinalProject\Data\IMG\IMG\left_2021_01_21_17_06_43_881.jpg, C:\Documents\Udemy\CompleteSelfDriving\FinalProject\Data\IMG\IMG\right_2021_01_21_17_06_43_881.jpg, 0, 0, 0, 0.001565871
C:\Documents\Udemy\CompleteSelfDriving\FinalProject\Data\IMG\IMG\center_2021_01_21_17_06_43_991.jpg, C:\Documents\Udemy\CompleteSelfDriving\FinalProject\Data\IMG\IMG\left_2021_01_21_17_06_43_991.jpg, C:\Documents\Udemy\CompleteSelfDriving\FinalProject\Data\IMG\IMG\right_2021_01_21_17_06_43_991.jpg, 0, 0, 0, 0.0006469908
C:\Documents\Udemy\CompleteSelfDriving\FinalProject\Data\IMG\IMG\center_2021_01_21_17_06_44_093.jpg, C:\Documents\Udemy\CompleteSelfDriving\FinalProject\Data\IMG\IMG\left_2021_01_21_17_06_44_093.jpg, C:\Documents\Udemy\CompleteSelfDriving\FinalProject\Data\IMG\IMG\right_2021_01_21_17_06_44_093.jpg, 0, 0, 0, 0.0006803343
C:\Documents\Udemy\CompleteSelfDriving\FinalProject\Data\IMG\IMG\center_2021_01_21_17_06_44_194.jpg, C:\Documents\Udemy\CompleteSelfDriving\FinalProject\Data\IMG\IMG\left_2021_01_21_17_06_44_194.jpg, C:\Documents\Udemy\CompleteSelfDriving\FinalProject\Data\IMG\IMG\right_2021_01_21_17_06_44_194.jpg, 0, 0, 0, 0.0006910668
